Source IP,Destination Port,Flow Duration,Total Fwd Packets,Total Backward Packets,Total Length of Fwd Packets,Total Length of Bwd Packets,Label
172.24.61.81,80.0,1000965.1184082031,211.0,211.0,44440.0,44440.0,DDos
172.24.61.81,80.0,1006307.84034729,265.0,265.0,66713.0,66713.0,DDos
172.24.61.81,80.0,75324099.54071045,86.0,86.0,20237.0,20237.0,DDos
172.24.61.81,80.0,1650587.558746338,81.0,81.0,16366.0,16366.0,DDos
172.24.61.81,80.0,1005480.5278778076,173.0,173.0,565053.0,565053.0,DDos
172.24.61.81,80.0,1001216.6500091553,185.0,185.0,538846.0,538846.0,DDos
172.24.61.81,80.0,1000641.3459777832,167.0,167.0,606719.0,606719.0,DDos
172.24.61.81,80.0,1009073.01902771,136.0,136.0,586772.0,586772.0,DDos
172.24.61.81,80.0,1000142.8127288818,128.0,128.0,554848.0,554848.0,DDos
172.24.61.81,80.0,1034911.8709564209,149.0,149.0,395176.0,395176.0,DDos
172.24.61.81,80.0,1003347.1584320068,126.0,126.0,638710.0,638710.0,DDos
172.24.61.81,80.0,1000232.9349517822,184.0,184.0,622752.0,622752.0,DDos
172.24.61.81,80.0,1011802.4349212646,150.0,150.0,546904.0,546904.0,DDos
172.24.61.81,80.0,1007224.0829467773,141.0,141.0,546960.0,546960.0,DDos
172.24.61.81,80.0,1310258.6269378662,5.0,5.0,15971.0,15971.0,DDos
172.24.61.81,80.0,1008413.553237915,124.0,124.0,475155.0,475155.0,DDos
172.24.61.81,80.0,1003215.5513763428,152.0,152.0,578971.0,578971.0,DDos
172.24.61.81,80.0,1022421.3600158691,148.0,148.0,594943.0,594943.0,DDos
172.24.61.81,80.0,1007500.6484985352,149.0,149.0,479148.0,479148.0,DDos
172.24.61.81,80.0,1001037.59765625,136.0,136.0,646853.0,646853.0,DDos
172.24.61.81,80.0,1016326.904296875,139.0,139.0,427241.0,427241.0,DDos
172.24.61.81,80.0,1003979.6829223633,139.0,139.0,574981.0,574981.0,DDos
172.24.61.81,80.0,1008605.0033569336,159.0,159.0,622895.0,622895.0,DDos
172.24.61.81,80.0,1004581.9282531738,162.0,162.0,551023.0,551023.0,DDos
172.24.61.81,80.0,1007714.9868011475,142.0,142.0,622897.0,622897.0,DDos
172.24.61.81,80.0,1518833.875656128,12.0,12.0,47915.0,47915.0,DDos
172.24.61.81,80.0,1006015.7775878906,29.0,29.0,802578.0,802578.0,DDos
176.111.173.242,80.0,2043610.3343963623,16.0,16.0,7311.0,7311.0,Fuerza Bruta
5.188.10.179,80.0,1298710.1078033447,2.0,2.0,4267.0,4267.0,Fuerza Bruta
176.111.173.242,80.0,3578256.368637085,16.0,16.0,7317.0,7317.0,Fuerza Bruta
185.222.209.14,80.0,1904775.3810882568,2.0,2.0,4271.0,4271.0,Fuerza Bruta
185.222.209.14,80.0,4089724.540710449,15.0,15.0,7090.0,7090.0,Fuerza Bruta
118.25.6.39,80.0,10184873.104095459,16.0,16.0,7708.0,7708.0,Fuerza Bruta
5.188.10.179,80.0,13320786.476135254,15.0,15.0,7060.0,7060.0,Fuerza Bruta
176.111.173.242,80.0,2905161.142349243,2.0,2.0,4303.0,4303.0,Fuerza Bruta
176.111.173.242,80.0,1051481.9622039795,15.0,15.0,7105.0,7105.0,Fuerza Bruta
118.25.6.39,80.0,2843097.925186157,2.0,2.0,4281.0,4281.0,Fuerza Bruta
118.25.6.39,80.0,1054255.723953247,15.0,15.0,7104.0,7104.0,Fuerza Bruta
172.24.61.81,80.0,3045735.5976104736,15000.0,12000.0,850000.0,750000.0,DDoS
172.24.61.81,80.0,3057611.7038726807,15000.0,12000.0,850000.0,750000.0,DDoS
172.24.61.81,80.0,3061850.7862091064,15000.0,12000.0,850000.0,750000.0,DDoS
172.24.61.81,80.0,3071706.0565948486,15000.0,12000.0,850000.0,750000.0,DDoS
172.24.61.81,80.0,3075202.226638794,15000.0,12000.0,850000.0,750000.0,DDoS
172.24.61.81,80.0,3079863.7866973877,15000.0,12000.0,850000.0,750000.0,DDoS
172.24.61.81,80.0,3070200.9201049805,15000.0,12000.0,850000.0,750000.0,DDoS
172.24.61.81,80.0,3104043.483734131,15000.0,12000.0,850000.0,750000.0,DDoS
172.24.61.81,80.0,3108086.109161377,15000.0,12000.0,850000.0,750000.0,DDoS
172.24.61.81,80.0,3111664.295196533,15000.0,12000.0,850000.0,750000.0,DDoS
172.24.61.81,80.0,3129470.8251953125,15000.0,12000.0,850000.0,750000.0,DDoS
172.24.61.81,80.0,3130151.7486572266,15000.0,12000.0,850000.0,750000.0,DDoS
172.24.61.81,80.0,3093079.5669555664,15000.0,12000.0,850000.0,750000.0,DDoS
172.24.61.81,80.0,3074434.518814087,15000.0,12000.0,850000.0,750000.0,DDoS
172.24.61.81,80.0,3083064.556121826,15000.0,12000.0,850000.0,750000.0,DDoS
172.24.61.81,80.0,3083554.267883301,15000.0,12000.0,850000.0,750000.0,DDoS
172.24.61.81,80.0,3112710.952758789,15000.0,12000.0,850000.0,750000.0,DDoS
172.24.61.81,80.0,3089891.4337158203,15000.0,12000.0,850000.0,750000.0,DDoS
172.24.61.81,80.0,2951245.3079223633,15000.0,12000.0,850000.0,750000.0,DDoS
172.24.61.81,80.0,2961124.897003174,15000.0,12000.0,850000.0,750000.0,DDoS
172.24.61.81,80.0,3173996.2100982666,15000.0,12000.0,850000.0,750000.0,DDoS
172.24.61.81,80.0,3030818.9392089844,15000.0,12000.0,850000.0,750000.0,DDoS
172.24.61.81,80.0,2987189.531326294,15000.0,12000.0,850000.0,750000.0,DDoS
172.24.61.81,80.0,3095365.047454834,15000.0,12000.0,850000.0,750000.0,DDoS
172.24.61.81,80.0,3192184.9250793457,15000.0,12000.0,850000.0,750000.0,DDoS
172.24.61.81,80.0,3197071.075439453,15000.0,12000.0,850000.0,750000.0,DDoS
172.24.61.81,80.0,3017054.319381714,15000.0,12000.0,850000.0,750000.0,DDoS
172.24.61.81,80.0,3020369.7681427,15000.0,12000.0,850000.0,750000.0,DDoS
172.24.61.81,80.0,3022043.9434051514,15000.0,12000.0,850000.0,750000.0,DDoS
172.24.61.81,80.0,3033677.101135254,15000.0,12000.0,850000.0,750000.0,DDoS
172.24.61.81,80.0,3012708.902359009,15000.0,12000.0,850000.0,750000.0,DDoS
172.24.61.81,80.0,3014285.5644226074,15000.0,12000.0,850000.0,750000.0,DDoS
172.24.61.81,80.0,3024492.2637939453,15000.0,12000.0,850000.0,750000.0,DDoS
172.24.61.81,80.0,3033603.9066314697,15000.0,12000.0,850000.0,750000.0,DDoS
172.24.61.81,80.0,3047510.6239318848,15000.0,12000.0,850000.0,750000.0,DDoS
172.24.61.81,80.0,3052975.4161834717,15000.0,12000.0,850000.0,750000.0,DDoS
172.24.61.81,80.0,3085762.7391815186,15000.0,12000.0,850000.0,750000.0,DDoS
172.24.61.81,80.0,3060098.40965271,15000.0,12000.0,850000.0,750000.0,DDoS
172.24.61.81,80.0,3160566.806793213,15000.0,12000.0,850000.0,750000.0,DDoS
172.24.61.81,80.0,3166664.8387908936,15000.0,12000.0,850000.0,750000.0,DDoS
172.24.61.81,80.0,3184044.83795166,15000.0,12000.0,850000.0,750000.0,DDoS
172.24.61.81,80.0,3217638.2541656494,15000.0,12000.0,850000.0,750000.0,DDoS
172.24.61.81,80.0,3197772.50289917,15000.0,12000.0,850000.0,750000.0,DDoS
172.24.61.81,80.0,3239862.2035980225,15000.0,12000.0,850000.0,750000.0,DDoS
172.24.61.81,80.0,3216522.693634033,15000.0,12000.0,850000.0,750000.0,DDoS
172.24.61.81,80.0,3190874.3381500244,15000.0,12000.0,850000.0,750000.0,DDoS
172.24.61.81,80.0,3252091.407775879,15000.0,12000.0,850000.0,750000.0,DDoS
172.24.61.81,80.0,3268559.9327087402,15000.0,12000.0,850000.0,750000.0,DDoS
172.24.61.81,80.0,3217328.3100128174,15000.0,12000.0,850000.0,750000.0,DDoS
172.24.61.81,80.0,3149591.4459228516,15000.0,12000.0,850000.0,750000.0,DDoS
172.24.61.81,80.0,2838056.802749634,15000.0,12000.0,850000.0,750000.0,DDoS
172.24.61.81,80.0,2843146.800994873,15000.0,12000.0,850000.0,750000.0,DDoS
172.24.61.81,80.0,2875816.583633423,15000.0,12000.0,850000.0,750000.0,DDoS
172.24.61.81,80.0,2673011.541366577,15000.0,12000.0,850000.0,750000.0,DDoS
172.24.61.81,80.0,2680622.8160858154,15000.0,12000.0,850000.0,750000.0,DDoS
172.24.61.81,80.0,2683109.5218658447,15000.0,12000.0,850000.0,750000.0,DDoS
172.24.61.81,80.0,2692983.627319336,15000.0,12000.0,850000.0,750000.0,DDoS
172.24.61.81,80.0,2698963.165283203,15000.0,12000.0,850000.0,750000.0,DDoS
172.24.61.81,80.0,2723823.5473632812,15000.0,12000.0,850000.0,750000.0,DDoS
172.24.61.81,80.0,2784138.6795043945,15000.0,12000.0,850000.0,750000.0,DDoS
172.24.61.81,80.0,2315985.918045044,15000.0,12000.0,850000.0,750000.0,DDoS
172.24.61.81,80.0,2322051.0482788086,15000.0,12000.0,850000.0,750000.0,DDoS
172.24.61.81,80.0,2325247.287750244,15000.0,12000.0,850000.0,750000.0,DDoS
172.24.61.81,80.0,2331212.282180786,15000.0,12000.0,850000.0,750000.0,DDoS
172.24.61.81,80.0,2335793.0183410645,15000.0,12000.0,850000.0,750000.0,DDoS
172.24.61.81,80.0,2348255.157470703,15000.0,12000.0,850000.0,750000.0,DDoS
172.24.61.81,80.0,2356428.623199463,15000.0,12000.0,850000.0,750000.0,DDoS
172.24.61.81,80.0,2370723.9627838135,15000.0,12000.0,850000.0,750000.0,DDoS
172.24.61.81,80.0,2390106.678009033,15000.0,12000.0,850000.0,750000.0,DDoS
172.24.61.81,80.0,2424341.4402008057,15000.0,12000.0,850000.0,750000.0,DDoS
172.24.61.81,80.0,2318590.4026031494,15000.0,12000.0,850000.0,750000.0,DDoS
172.24.61.81,80.0,2329645.872116089,15000.0,12000.0,850000.0,750000.0,DDoS
172.24.61.81,80.0,2345605.6118011475,15000.0,12000.0,850000.0,750000.0,DDoS
172.24.61.81,80.0,2358190.0596618652,15000.0,12000.0,850000.0,750000.0,DDoS
172.24.61.81,80.0,2371392.4884796143,15000.0,12000.0,850000.0,750000.0,DDoS
172.24.61.81,80.0,2378506.4220428467,15000.0,12000.0,850000.0,750000.0,DDoS
172.24.61.81,80.0,2392237.1864318848,15000.0,12000.0,850000.0,750000.0,DDoS
172.24.61.81,80.0,2326397.657394409,15000.0,12000.0,850000.0,750000.0,DDoS
172.24.61.81,80.0,2338002.920150757,15000.0,12000.0,850000.0,750000.0,DDoS
172.24.61.81,80.0,2603923.797607422,15000.0,12000.0,850000.0,750000.0,DDoS
172.24.61.81,80.0,2608397.2454071045,15000.0,12000.0,850000.0,750000.0,DDoS
172.24.61.81,80.0,2578830.4805755615,15000.0,12000.0,850000.0,750000.0,DDoS
172.24.61.81,80.0,2611676.6929626465,15000.0,12000.0,850000.0,750000.0,DDoS
172.24.61.81,80.0,2648435.8310699463,15000.0,12000.0,850000.0,750000.0,DDoS
172.24.61.81,80.0,2599828.004837036,15000.0,12000.0,850000.0,750000.0,DDoS
172.24.61.81,80.0,2656077.3849487305,15000.0,12000.0,850000.0,750000.0,DDoS
172.24.61.81,80.0,2535686.0160827637,15000.0,12000.0,850000.0,750000.0,DDoS
172.24.61.81,80.0,2482784.0328216553,15000.0,12000.0,850000.0,750000.0,DDoS
172.24.61.81,80.0,2482324.1233825684,15000.0,12000.0,850000.0,750000.0,DDoS
172.24.61.81,80.0,2548496.0079193115,15000.0,12000.0,850000.0,750000.0,DDoS
172.24.61.81,80.0,2554305.076599121,15000.0,12000.0,850000.0,750000.0,DDoS
172.24.61.81,80.0,2557971.477508545,15000.0,12000.0,850000.0,750000.0,DDoS
172.24.61.81,80.0,2561084.032058716,15000.0,12000.0,850000.0,750000.0,DDoS
172.24.61.81,80.0,2571653.6045074463,15000.0,12000.0,850000.0,750000.0,DDoS
172.24.61.81,80.0,2500387.43019104,15000.0,12000.0,850000.0,750000.0,DDoS
172.24.61.81,80.0,2495357.5134277344,15000.0,12000.0,850000.0,750000.0,DDoS
172.24.61.81,80.0,2499199.628829956,15000.0,12000.0,850000.0,750000.0,DDoS
172.24.61.81,80.0,2508595.9434509277,15000.0,12000.0,850000.0,750000.0,DDoS
172.24.61.81,80.0,2514160.633087158,15000.0,12000.0,850000.0,750000.0,DDoS
172.24.61.81,80.0,2520902.156829834,15000.0,12000.0,850000.0,750000.0,DDoS
172.24.61.81,80.0,2559573.173522949,15000.0,12000.0,850000.0,750000.0,DDoS
172.24.61.81,80.0,2563783.1687927246,15000.0,12000.0,850000.0,750000.0,DDoS
172.24.61.81,80.0,2523602.9624938965,15000.0,12000.0,850000.0,750000.0,DDoS
172.24.61.81,80.0,2560616.0163879395,15000.0,12000.0,850000.0,750000.0,DDoS
172.24.61.81,80.0,2524185.6575012207,15000.0,12000.0,850000.0,750000.0,DDoS
172.24.61.81,80.0,2525092.840194702,15000.0,12000.0,850000.0,750000.0,DDoS
172.24.61.81,80.0,2573658.9431762695,15000.0,12000.0,850000.0,750000.0,DDoS
172.24.61.81,80.0,2537355.1845550537,15000.0,12000.0,850000.0,750000.0,DDoS
172.24.61.81,80.0,2561045.8850860596,15000.0,12000.0,850000.0,750000.0,DDoS
172.24.61.81,80.0,2512320.7569122314,15000.0,12000.0,850000.0,750000.0,DDoS
172.24.61.81,80.0,2395267.2481536865,15000.0,12000.0,850000.0,750000.0,DDoS
172.24.61.81,80.0,2401665.9259796143,15000.0,12000.0,850000.0,750000.0,DDoS
172.24.61.81,80.0,2406145.0958251953,15000.0,12000.0,850000.0,750000.0,DDoS
172.24.61.81,80.0,2411766.529083252,15000.0,12000.0,850000.0,750000.0,DDoS
172.24.61.81,80.0,2412971.7350006104,15000.0,12000.0,850000.0,750000.0,DDoS
172.24.61.81,80.0,2191400.2895355225,15000.0,12000.0,850000.0,750000.0,DDoS
172.24.61.81,80.0,2432249.3076324463,15000.0,12000.0,850000.0,750000.0,DDoS
172.24.61.81,80.0,2200915.575027466,15000.0,12000.0,850000.0,750000.0,DDoS
172.24.61.81,80.0,2218117.2370910645,15000.0,12000.0,850000.0,750000.0,DDoS
172.24.61.81,80.0,2231425.7621765137,15000.0,12000.0,850000.0,750000.0,DDoS
172.24.61.81,80.0,2347003.221511841,15000.0,12000.0,850000.0,750000.0,DDoS
172.24.61.81,80.0,2315358.4003448486,15000.0,12000.0,850000.0,750000.0,DDoS
172.24.61.81,80.0,2284634.3517303467,15000.0,12000.0,850000.0,750000.0,DDoS
172.24.61.81,80.0,2301207.5424194336,15000.0,12000.0,850000.0,750000.0,DDoS
172.24.61.81,80.0,2306578.8745880127,15000.0,12000.0,850000.0,750000.0,DDoS
172.24.61.81,80.0,2340293.8842773438,15000.0,12000.0,850000.0,750000.0,DDoS
172.24.61.81,80.0,2346586.227416992,15000.0,12000.0,850000.0,750000.0,DDoS
172.24.61.81,80.0,2352716.2075042725,15000.0,12000.0,850000.0,750000.0,DDoS
172.24.61.81,80.0,2356685.161590576,15000.0,12000.0,850000.0,750000.0,DDoS
172.24.61.81,80.0,2366862.0586395264,15000.0,12000.0,850000.0,750000.0,DDoS
172.24.61.81,80.0,2361563.9209747314,15000.0,12000.0,850000.0,750000.0,DDoS
172.24.61.81,80.0,2329360.246658325,15000.0,12000.0,850000.0,750000.0,DDoS
172.24.61.81,80.0,2337943.5539245605,15000.0,12000.0,850000.0,750000.0,DDoS
172.24.61.81,80.0,2339144.706726074,15000.0,12000.0,850000.0,750000.0,DDoS
172.24.61.81,80.0,2357587.5759124756,15000.0,12000.0,850000.0,750000.0,DDoS
172.24.61.81,80.0,2366460.8001708984,15000.0,12000.0,850000.0,750000.0,DDoS
172.24.61.81,80.0,2378379.5833587646,15000.0,12000.0,850000.0,750000.0,DDoS
172.24.61.81,80.0,2352384.567260742,15000.0,12000.0,850000.0,750000.0,DDoS
172.24.61.81,80.0,2241138.9350891113,15000.0,12000.0,850000.0,750000.0,DDoS
172.24.61.81,80.0,2233162.6415252686,15000.0,12000.0,850000.0,750000.0,DDoS
172.24.61.81,80.0,2356976.270675659,15000.0,12000.0,850000.0,750000.0,DDoS
172.24.61.81,80.0,2074574.7089385986,15000.0,12000.0,850000.0,750000.0,DDoS
172.24.61.81,80.0,1918516.3974761963,15000.0,12000.0,850000.0,750000.0,DDoS
172.24.61.81,80.0,1930902.0042419434,15000.0,12000.0,850000.0,750000.0,DDoS
172.24.61.81,80.0,1939036.6077423096,15000.0,12000.0,850000.0,750000.0,DDoS
172.24.61.81,80.0,2377082.347869873,15000.0,12000.0,850000.0,750000.0,DDoS
172.24.61.81,80.0,2384333.372116089,15000.0,12000.0,850000.0,750000.0,DDoS
172.24.61.81,80.0,2013577.2228240967,15000.0,12000.0,850000.0,750000.0,DDoS
172.24.61.81,80.0,2021335.3633880615,15000.0,12000.0,850000.0,750000.0,DDoS
172.24.61.81,80.0,2037930.2501678467,15000.0,12000.0,850000.0,750000.0,DDoS
172.24.61.81,80.0,1895013.3323669434,15000.0,12000.0,850000.0,750000.0,DDoS
172.24.61.81,80.0,1900795.6981658936,15000.0,12000.0,850000.0,750000.0,DDoS
172.24.61.81,80.0,1835906.5055847168,15000.0,12000.0,850000.0,750000.0,DDoS
172.24.61.81,80.0,1837252.6168823242,15000.0,12000.0,850000.0,750000.0,DDoS
172.24.61.81,80.0,1843401.1936187744,15000.0,12000.0,850000.0,750000.0,DDoS
172.24.61.81,80.0,1845719.814300537,15000.0,12000.0,850000.0,750000.0,DDoS
172.24.61.81,80.0,1849153.0418395996,15000.0,12000.0,850000.0,750000.0,DDoS
172.24.61.81,80.0,1856763.3628845215,15000.0,12000.0,850000.0,750000.0,DDoS
172.24.61.81,80.0,1863601.2077331543,15000.0,12000.0,850000.0,750000.0,DDoS
172.24.61.81,80.0,1779571.533203125,15000.0,12000.0,850000.0,750000.0,DDoS
172.24.61.81,80.0,1777497.7684020996,15000.0,12000.0,850000.0,750000.0,DDoS
172.24.61.81,80.0,1740549.8027801514,15000.0,12000.0,850000.0,750000.0,DDoS
172.24.61.81,80.0,1726100.9216308594,15000.0,12000.0,850000.0,750000.0,DDoS
172.24.61.81,80.0,1706151.4854431152,15000.0,12000.0,850000.0,750000.0,DDoS
172.24.61.81,80.0,1707837.1047973633,15000.0,12000.0,850000.0,750000.0,DDoS
172.24.61.81,80.0,1710125.207901001,15000.0,12000.0,850000.0,750000.0,DDoS
172.24.61.81,80.0,1749584.436416626,15000.0,12000.0,850000.0,750000.0,DDoS
172.24.61.81,80.0,1726394.6533203125,15000.0,12000.0,850000.0,750000.0,DDoS
172.24.61.81,80.0,1729680.5381774902,15000.0,12000.0,850000.0,750000.0,DDoS
172.24.61.81,80.0,1696547.9850769043,15000.0,12000.0,850000.0,750000.0,DDoS
172.24.61.81,80.0,1702059.268951416,15000.0,12000.0,850000.0,750000.0,DDoS
172.24.61.81,80.0,1704911.231994629,15000.0,12000.0,850000.0,750000.0,DDoS
172.24.61.81,80.0,1705604.5532226562,15000.0,12000.0,850000.0,750000.0,DDoS
172.24.61.81,80.0,1711942.6727294922,15000.0,12000.0,850000.0,750000.0,DDoS
172.24.61.81,80.0,1714618.20602417,15000.0,12000.0,850000.0,750000.0,DDoS
172.24.61.81,80.0,1787024.736404419,15000.0,12000.0,850000.0,750000.0,DDoS
172.24.61.81,80.0,1755425.6916046143,15000.0,12000.0,850000.0,750000.0,DDoS
172.24.61.81,80.0,1757066.9651031494,15000.0,12000.0,850000.0,750000.0,DDoS
172.24.61.81,80.0,1765701.0555267334,15000.0,12000.0,850000.0,750000.0,DDoS
172.24.61.81,80.0,1568743.2289123535,15000.0,12000.0,850000.0,750000.0,DDoS
172.24.61.81,80.0,1572104.9308776855,15000.0,12000.0,850000.0,750000.0,DDoS
172.24.61.81,80.0,1579202.8903961182,15000.0,12000.0,850000.0,750000.0,DDoS
172.24.61.81,80.0,1552289.4859313965,15000.0,12000.0,850000.0,750000.0,DDoS
172.24.61.81,80.0,1495452.4040222168,15000.0,12000.0,850000.0,750000.0,DDoS
172.24.61.81,80.0,1503825.4261016846,15000.0,12000.0,850000.0,750000.0,DDoS
172.24.61.81,80.0,1536289.4535064697,15000.0,12000.0,850000.0,750000.0,DDoS
172.24.61.81,80.0,1546193.5997009277,15000.0,12000.0,850000.0,750000.0,DDoS
172.24.61.81,80.0,1556175.2319335938,15000.0,12000.0,850000.0,750000.0,DDoS
172.24.61.81,80.0,1564939.9757385254,15000.0,12000.0,850000.0,750000.0,DDoS
172.24.61.81,80.0,1569572.925567627,15000.0,12000.0,850000.0,750000.0,DDoS
172.24.61.81,80.0,1574683.9046478271,15000.0,12000.0,850000.0,750000.0,DDoS
172.24.61.81,80.0,1581615.2095794678,15000.0,12000.0,850000.0,750000.0,DDoS
172.24.61.81,80.0,1603324.8901367188,15000.0,12000.0,850000.0,750000.0,DDoS
172.24.61.81,80.0,1581899.881362915,15000.0,12000.0,850000.0,750000.0,DDoS
172.24.61.81,80.0,1503626.3465881348,15000.0,12000.0,850000.0,750000.0,DDoS
172.24.61.81,80.0,1517923.11668396,15000.0,12000.0,850000.0,750000.0,DDoS
172.24.61.81,80.0,1489063.9781951904,15000.0,12000.0,850000.0,750000.0,DDoS
172.24.61.81,80.0,1492870.3308105469,15000.0,12000.0,850000.0,750000.0,DDoS
172.24.61.81,80.0,1496961.8320465088,15000.0,12000.0,850000.0,750000.0,DDoS
172.24.61.81,80.0,1496728.8970947266,15000.0,12000.0,850000.0,750000.0,DDoS
172.24.61.81,80.0,1500775.8140563965,15000.0,12000.0,850000.0,750000.0,DDoS
172.24.61.81,80.0,1502772.569656372,15000.0,12000.0,850000.0,750000.0,DDoS
172.24.61.81,80.0,1499240.8752441406,15000.0,12000.0,850000.0,750000.0,DDoS
172.24.61.81,80.0,1502120.018005371,15000.0,12000.0,850000.0,750000.0,DDoS
172.24.61.81,80.0,1478288.8889312744,15000.0,12000.0,850000.0,750000.0,DDoS
172.24.61.81,80.0,1479990.9591674805,15000.0,12000.0,850000.0,750000.0,DDoS
172.24.61.81,80.0,1522017.478942871,15000.0,12000.0,850000.0,750000.0,DDoS
172.24.61.81,80.0,1513221.5023040771,15000.0,12000.0,850000.0,750000.0,DDoS
172.24.61.81,80.0,1487969.3984985352,15000.0,12000.0,850000.0,750000.0,DDoS
172.24.61.81,80.0,1518797.6360321045,15000.0,12000.0,850000.0,750000.0,DDoS
172.24.61.81,80.0,1494615.077972412,15000.0,12000.0,850000.0,750000.0,DDoS
172.24.61.81,80.0,1497182.1308135986,15000.0,12000.0,850000.0,750000.0,DDoS
172.24.61.81,80.0,1504074.5735168457,15000.0,12000.0,850000.0,750000.0,DDoS
172.24.61.81,80.0,1507757.9021453857,15000.0,12000.0,850000.0,750000.0,DDoS
172.24.61.81,80.0,1522818.8037872314,15000.0,12000.0,850000.0,750000.0,DDoS
172.24.61.81,80.0,1562668.800354004,15000.0,12000.0,850000.0,750000.0,DDoS
172.24.61.81,80.0,1543740.5109405518,15000.0,12000.0,850000.0,750000.0,DDoS
172.24.61.81,80.0,1480348.5870361328,15000.0,12000.0,850000.0,750000.0,DDoS
172.24.61.81,80.0,1490035.2954864502,15000.0,12000.0,850000.0,750000.0,DDoS
172.24.61.81,80.0,1496211.290359497,15000.0,12000.0,850000.0,750000.0,DDoS
172.24.61.81,80.0,1500036.7164611816,15000.0,12000.0,850000.0,750000.0,DDoS
172.24.61.81,80.0,1419959.0682983398,15000.0,12000.0,850000.0,750000.0,DDoS
172.24.61.81,80.0,1429384.9468231201,15000.0,12000.0,850000.0,750000.0,DDoS
172.24.61.81,80.0,1459853.4107208252,15000.0,12000.0,850000.0,750000.0,DDoS
172.24.61.81,80.0,1390201.3301849365,15000.0,12000.0,850000.0,750000.0,DDoS
172.24.61.81,80.0,1396023.9887237549,15000.0,12000.0,850000.0,750000.0,DDoS
172.24.61.81,80.0,1400262.5942230225,15000.0,12000.0,850000.0,750000.0,DDoS
172.24.61.81,80.0,1405452.4898529053,15000.0,12000.0,850000.0,750000.0,DDoS
172.24.61.81,80.0,1409266.2334442139,15000.0,12000.0,850000.0,750000.0,DDoS
172.24.61.81,80.0,1413929.9392700195,15000.0,12000.0,850000.0,750000.0,DDoS
172.24.61.81,80.0,1416009.1876983643,15000.0,12000.0,850000.0,750000.0,DDoS
172.24.61.81,80.0,1362953.6628723145,15000.0,12000.0,850000.0,750000.0,DDoS
172.24.61.81,80.0,1367161.512374878,15000.0,12000.0,850000.0,750000.0,DDoS
172.24.61.81,80.0,1357435.703277588,15000.0,12000.0,850000.0,750000.0,DDoS
172.24.61.81,80.0,1360557.7945709229,15000.0,12000.0,850000.0,750000.0,DDoS
172.24.61.81,80.0,1345550.537109375,15000.0,12000.0,850000.0,750000.0,DDoS
172.24.61.81,80.0,1354688.6444091797,15000.0,12000.0,850000.0,750000.0,DDoS
172.24.61.81,80.0,1340518.2361602783,15000.0,12000.0,850000.0,750000.0,DDoS
172.24.61.81,80.0,1353071.4511871338,15000.0,12000.0,850000.0,750000.0,DDoS
172.24.61.81,80.0,1353439.5694732666,15000.0,12000.0,850000.0,750000.0,DDoS
172.24.61.81,80.0,1358557.2242736816,15000.0,12000.0,850000.0,750000.0,DDoS
172.24.61.81,80.0,1319366.455078125,15000.0,12000.0,850000.0,750000.0,DDoS
172.24.61.81,80.0,1261469.6025848389,15000.0,12000.0,850000.0,750000.0,DDoS
172.24.61.81,80.0,1265300.0354766846,15000.0,12000.0,850000.0,750000.0,DDoS
172.24.61.81,80.0,1271743.5359954834,15000.0,12000.0,850000.0,750000.0,DDoS
172.24.61.81,80.0,1308577.060699463,15000.0,12000.0,850000.0,750000.0,DDoS
172.24.61.81,80.0,1326812.982559204,15000.0,12000.0,850000.0,750000.0,DDoS
172.24.61.81,80.0,1324195.6233978271,15000.0,12000.0,850000.0,750000.0,DDoS
172.24.61.81,80.0,1337022.5429534912,15000.0,12000.0,850000.0,750000.0,DDoS
172.24.61.81,80.0,1330789.32762146,15000.0,12000.0,850000.0,750000.0,DDoS
172.24.61.81,80.0,1332349.0619659424,15000.0,12000.0,850000.0,750000.0,DDoS
172.24.61.81,80.0,1339128.2558441162,15000.0,12000.0,850000.0,750000.0,DDoS
172.24.61.81,80.0,1349239.8262023926,15000.0,12000.0,850000.0,750000.0,DDoS
172.24.61.81,80.0,1352280.3783416748,15000.0,12000.0,850000.0,750000.0,DDoS
172.24.61.81,80.0,1355643.5108184814,15000.0,12000.0,850000.0,750000.0,DDoS
172.24.61.81,80.0,1357483.8638305664,15000.0,12000.0,850000.0,750000.0,DDoS
172.24.61.81,80.0,1364300.4894256592,15000.0,12000.0,850000.0,750000.0,DDoS
172.24.61.81,80.0,1366140.8424377441,15000.0,12000.0,850000.0,750000.0,DDoS
172.24.61.81,80.0,1370558.500289917,15000.0,12000.0,850000.0,750000.0,DDoS
172.24.61.81,80.0,1345869.3027496338,15000.0,12000.0,850000.0,750000.0,DDoS
172.24.61.81,80.0,1348031.0440063477,15000.0,12000.0,850000.0,750000.0,DDoS
172.24.61.81,80.0,1351251.6021728516,15000.0,12000.0,850000.0,750000.0,DDoS
172.24.61.81,80.0,1405780.0769805908,15000.0,12000.0,850000.0,750000.0,DDoS
172.24.61.81,80.0,1400210.1421356201,15000.0,12000.0,850000.0,750000.0,DDoS
172.24.61.81,80.0,1398151.8745422363,15000.0,12000.0,850000.0,750000.0,DDoS
172.24.61.81,80.0,1399620.771408081,15000.0,12000.0,850000.0,750000.0,DDoS
172.24.61.81,80.0,1401167.869567871,15000.0,12000.0,850000.0,750000.0,DDoS
172.24.61.81,80.0,1378060.3408813477,15000.0,12000.0,850000.0,750000.0,DDoS
172.24.61.81,80.0,1423687.6964569092,15000.0,12000.0,850000.0,750000.0,DDoS
172.24.61.81,80.0,1386070.4898834229,15000.0,12000.0,850000.0,750000.0,DDoS
172.24.61.81,80.0,1419854.4025421143,15000.0,12000.0,850000.0,750000.0,DDoS
172.24.61.81,80.0,1460350.2750396729,15000.0,12000.0,850000.0,750000.0,DDoS
172.24.61.81,80.0,1320693.4928894043,15000.0,12000.0,850000.0,750000.0,DDoS
172.24.61.81,80.0,1324787.8551483154,15000.0,12000.0,850000.0,750000.0,DDoS
172.24.61.81,80.0,1321290.7314300537,15000.0,12000.0,850000.0,750000.0,DDoS
172.24.61.81,80.0,1321437.120437622,15000.0,12000.0,850000.0,750000.0,DDoS
172.24.61.81,80.0,1342743.6351776123,15000.0,12000.0,850000.0,750000.0,DDoS
172.24.61.81,80.0,1427605.6289672852,15000.0,12000.0,850000.0,750000.0,DDoS
172.24.61.81,80.0,1455934.5245361328,15000.0,12000.0,850000.0,750000.0,DDoS
172.24.61.81,80.0,1459016.3230895996,15000.0,12000.0,850000.0,750000.0,DDoS
172.24.61.81,80.0,1462545.8717346191,15000.0,12000.0,850000.0,750000.0,DDoS
172.24.61.81,80.0,1467317.1043395996,15000.0,12000.0,850000.0,750000.0,DDoS
172.24.61.81,80.0,1443728.9237976074,15000.0,12000.0,850000.0,750000.0,DDoS
172.24.61.81,80.0,1472062.349319458,15000.0,12000.0,850000.0,750000.0,DDoS
172.24.61.81,80.0,1475618.1240081787,15000.0,12000.0,850000.0,750000.0,DDoS
172.24.61.81,80.0,1477868.7953948975,15000.0,12000.0,850000.0,750000.0,DDoS
172.24.61.81,80.0,1494116.3063049316,15000.0,12000.0,850000.0,750000.0,DDoS
172.24.61.81,80.0,1500865.4594421387,15000.0,12000.0,850000.0,750000.0,DDoS
172.24.61.81,80.0,1503185.749053955,15000.0,12000.0,850000.0,750000.0,DDoS
172.24.61.81,80.0,1507767.2004699707,15000.0,12000.0,850000.0,750000.0,DDoS
172.24.61.81,80.0,1213398.9334106445,15000.0,12000.0,850000.0,750000.0,DDoS
172.24.61.81,80.0,1512636.423110962,15000.0,12000.0,850000.0,750000.0,DDoS
172.24.61.81,80.0,1219978.0941009521,15000.0,12000.0,850000.0,750000.0,DDoS
172.24.61.81,80.0,1361439.2280578613,15000.0,12000.0,850000.0,750000.0,DDoS
172.24.61.81,80.0,1522682.4283599854,15000.0,12000.0,850000.0,750000.0,DDoS
172.24.61.81,80.0,1228709.6977233887,15000.0,12000.0,850000.0,750000.0,DDoS
172.24.61.81,80.0,1232731.580734253,15000.0,12000.0,850000.0,750000.0,DDoS
172.24.61.81,80.0,1236606.5979003906,15000.0,12000.0,850000.0,750000.0,DDoS
172.24.61.81,80.0,1239290.714263916,15000.0,12000.0,850000.0,750000.0,DDoS
172.24.61.81,80.0,1381067.2760009766,15000.0,12000.0,850000.0,750000.0,DDoS
172.24.61.81,80.0,1383880.615234375,15000.0,12000.0,850000.0,750000.0,DDoS
172.24.61.81,80.0,1405877.3517608643,15000.0,12000.0,850000.0,750000.0,DDoS
172.24.61.81,80.0,1550578.8326263428,15000.0,12000.0,850000.0,750000.0,DDoS
172.24.61.81,80.0,1554208.2786560059,15000.0,12000.0,850000.0,750000.0,DDoS
172.24.61.81,80.0,1416422.1286773682,15000.0,12000.0,850000.0,750000.0,DDoS
172.24.61.81,80.0,1419978.6186218262,15000.0,12000.0,850000.0,750000.0,DDoS
172.24.61.81,80.0,1564577.1026611328,15000.0,12000.0,850000.0,750000.0,DDoS
172.24.61.81,80.0,1191994.4286346436,15000.0,12000.0,850000.0,750000.0,DDoS
172.24.61.81,80.0,1177252.7694702148,15000.0,12000.0,850000.0,750000.0,DDoS
172.24.61.81,80.0,1180538.6543273926,15000.0,12000.0,850000.0,750000.0,DDoS
172.24.61.81,80.0,1209800.2433776855,15000.0,12000.0,850000.0,750000.0,DDoS
172.24.61.81,80.0,1216328.3824920654,15000.0,12000.0,850000.0,750000.0,DDoS
172.24.61.81,80.0,1230317.5926208496,15000.0,12000.0,850000.0,750000.0,DDoS
172.24.61.81,80.0,1232630.2528381348,15000.0,12000.0,850000.0,750000.0,DDoS
172.24.61.81,80.0,1218016.1476135254,15000.0,12000.0,850000.0,750000.0,DDoS
172.24.61.81,80.0,1244178.056716919,15000.0,12000.0,850000.0,750000.0,DDoS
172.24.61.81,80.0,1249948.0247497559,15000.0,12000.0,850000.0,750000.0,DDoS
172.24.61.81,80.0,1251830.5778503418,15000.0,12000.0,850000.0,750000.0,DDoS
172.24.61.81,80.0,1246571.5408325195,15000.0,12000.0,850000.0,750000.0,DDoS
172.24.61.81,80.0,1251435.5182647705,15000.0,12000.0,850000.0,750000.0,DDoS
172.24.61.81,80.0,1262104.7496795654,15000.0,12000.0,850000.0,750000.0,DDoS
172.24.61.81,80.0,1265225.4104614258,15000.0,12000.0,850000.0,750000.0,DDoS
172.24.61.81,80.0,1279548.168182373,15000.0,12000.0,850000.0,750000.0,DDoS
172.24.61.81,80.0,1365702.3906707764,15000.0,12000.0,850000.0,750000.0,DDoS
172.24.61.81,80.0,1372249.3648529053,15000.0,12000.0,850000.0,750000.0,DDoS
172.24.61.81,80.0,1377192.2588348389,15000.0,12000.0,850000.0,750000.0,DDoS
172.24.61.81,80.0,1395263.1950378418,15000.0,12000.0,850000.0,750000.0,DDoS
172.24.61.81,80.0,1400804.9964904785,15000.0,12000.0,850000.0,750000.0,DDoS
172.24.61.81,80.0,1404783.010482788,15000.0,12000.0,850000.0,750000.0,DDoS
172.24.61.81,80.0,1409719.9440002441,15000.0,12000.0,850000.0,750000.0,DDoS
172.24.61.81,80.0,1411833.7631225586,15000.0,12000.0,850000.0,750000.0,DDoS
172.24.61.81,80.0,1302788.7344360352,15000.0,12000.0,850000.0,750000.0,DDoS
172.24.61.81,80.0,1310394.287109375,15000.0,12000.0,850000.0,750000.0,DDoS
172.24.61.81,80.0,1334499.3591308594,15000.0,12000.0,850000.0,750000.0,DDoS
172.24.61.81,80.0,1339993.4768676758,15000.0,12000.0,850000.0,750000.0,DDoS
172.24.61.81,80.0,1343295.0973510742,15000.0,12000.0,850000.0,750000.0,DDoS
172.24.61.81,80.0,1330219.7456359863,15000.0,12000.0,850000.0,750000.0,DDoS
172.24.61.81,80.0,1333925.2471923828,15000.0,12000.0,850000.0,750000.0,DDoS
172.24.61.81,80.0,1361436.128616333,15000.0,12000.0,850000.0,750000.0,DDoS
172.24.61.81,80.0,1511356.3537597656,15000.0,12000.0,850000.0,750000.0,DDoS
172.24.61.81,80.0,1403999.5670318604,15000.0,12000.0,850000.0,750000.0,DDoS
172.24.61.81,80.0,1424935.8177185059,15000.0,12000.0,850000.0,750000.0,DDoS
172.24.61.81,80.0,1426305.2940368652,15000.0,12000.0,850000.0,750000.0,DDoS
172.24.61.81,80.0,1438709.020614624,15000.0,12000.0,850000.0,750000.0,DDoS
172.24.61.81,80.0,1421323.7762451172,15000.0,12000.0,850000.0,750000.0,DDoS
172.24.61.81,80.0,1567049.0264892578,15000.0,12000.0,850000.0,750000.0,DDoS
172.24.61.81,80.0,1570082.9029083252,15000.0,12000.0,850000.0,750000.0,DDoS
172.24.61.81,80.0,1620069.7422027588,15000.0,12000.0,850000.0,750000.0,DDoS
172.24.61.81,80.0,1625754.1179656982,15000.0,12000.0,850000.0,750000.0,DDoS
172.24.61.81,80.0,1629449.1291046143,15000.0,12000.0,850000.0,750000.0,DDoS
172.24.61.81,80.0,1631657.1235656738,15000.0,12000.0,850000.0,750000.0,DDoS
172.24.61.81,80.0,1634526.014328003,15000.0,12000.0,850000.0,750000.0,DDoS
172.24.61.81,80.0,1638728.8570404053,15000.0,12000.0,850000.0,750000.0,DDoS
172.24.61.81,80.0,1570163.9652252197,15000.0,12000.0,850000.0,750000.0,DDoS
172.24.61.81,80.0,1657304.048538208,15000.0,12000.0,850000.0,750000.0,DDoS
172.24.61.81,80.0,1659336.5669250488,15000.0,12000.0,850000.0,750000.0,DDoS
172.24.61.81,80.0,1587235.927581787,15000.0,12000.0,850000.0,750000.0,DDoS
172.24.61.81,80.0,1724116.325378418,15000.0,12000.0,850000.0,750000.0,DDoS
172.24.61.81,80.0,1805260.181427002,15000.0,12000.0,850000.0,750000.0,DDoS
172.24.61.81,80.0,1811711.7881774902,15000.0,12000.0,850000.0,750000.0,DDoS
172.24.61.81,80.0,1697806.8351745605,15000.0,12000.0,850000.0,750000.0,DDoS
172.24.61.81,80.0,1700155.0197601318,15000.0,12000.0,850000.0,750000.0,DDoS
172.24.61.81,80.0,1699288.8450622559,15000.0,12000.0,850000.0,750000.0,DDoS
172.24.61.81,80.0,1814028.024673462,15000.0,12000.0,850000.0,750000.0,DDoS
172.24.61.81,80.0,1817125.5588531494,15000.0,12000.0,850000.0,750000.0,DDoS
172.24.61.81,80.0,1839911.937713623,15000.0,12000.0,850000.0,750000.0,DDoS
172.24.61.81,80.0,1899400.7110595703,15000.0,12000.0,850000.0,750000.0,DDoS
172.24.61.81,80.0,1905739.0689849854,15000.0,12000.0,850000.0,750000.0,DDoS
172.24.61.81,80.0,1907602.071762085,15000.0,12000.0,850000.0,750000.0,DDoS
172.24.61.81,80.0,1928788.423538208,15000.0,12000.0,850000.0,750000.0,DDoS
172.24.61.81,80.0,1935689.2108917236,15000.0,12000.0,850000.0,750000.0,DDoS
172.24.61.81,80.0,1931827.0683288574,15000.0,12000.0,850000.0,750000.0,DDoS
172.24.61.81,80.0,1939165.5921936035,15000.0,12000.0,850000.0,750000.0,DDoS
172.24.61.81,80.0,1940312.8623962402,15000.0,12000.0,850000.0,750000.0,DDoS
172.24.61.81,80.0,1920153.8562774658,15000.0,12000.0,850000.0,750000.0,DDoS
172.24.61.81,80.0,1930305.004119873,15000.0,12000.0,850000.0,750000.0,DDoS
172.24.61.81,80.0,1933377.5043487549,15000.0,12000.0,850000.0,750000.0,DDoS
172.24.61.81,80.0,1949277.400970459,15000.0,12000.0,850000.0,750000.0,DDoS
172.24.61.81,80.0,1987045.0496673584,15000.0,12000.0,850000.0,750000.0,DDoS
172.24.61.81,80.0,1992802.381515503,15000.0,12000.0,850000.0,750000.0,DDoS
172.24.61.81,80.0,1995436.191558838,15000.0,12000.0,850000.0,750000.0,DDoS
172.24.61.81,80.0,1998626.2321472168,15000.0,12000.0,850000.0,750000.0,DDoS
172.24.61.81,80.0,1996028.6617279053,15000.0,12000.0,850000.0,750000.0,DDoS
172.24.61.81,80.0,1980497.121810913,15000.0,12000.0,850000.0,750000.0,DDoS
172.24.61.81,80.0,1983269.6914672852,15000.0,12000.0,850000.0,750000.0,DDoS
172.24.61.81,80.0,1991491.5561676025,15000.0,12000.0,850000.0,750000.0,DDoS
172.24.61.81,80.0,1993832.3497772217,15000.0,12000.0,850000.0,750000.0,DDoS
172.24.61.81,80.0,1634144.7830200195,15000.0,12000.0,850000.0,750000.0,DDoS
172.24.61.81,80.0,1872710.943222046,15000.0,12000.0,850000.0,750000.0,DDoS
172.24.61.81,80.0,1868555.0689697266,15000.0,12000.0,850000.0,750000.0,DDoS
172.24.61.81,80.0,1875171.6613769531,15000.0,12000.0,850000.0,750000.0,DDoS
172.24.61.81,80.0,1890842.4377441406,15000.0,12000.0,850000.0,750000.0,DDoS
172.24.61.81,80.0,1912661.3140106201,15000.0,12000.0,850000.0,750000.0,DDoS
172.24.61.81,80.0,1917040.8248901367,15000.0,12000.0,850000.0,750000.0,DDoS
172.24.61.81,80.0,1910526.5140533447,15000.0,12000.0,850000.0,750000.0,DDoS
172.24.61.81,80.0,1916356.8019866943,15000.0,12000.0,850000.0,750000.0,DDoS
172.24.61.81,80.0,1919885.6353759766,15000.0,12000.0,850000.0,750000.0,DDoS
172.24.61.81,80.0,1944352.626800537,15000.0,12000.0,850000.0,750000.0,DDoS
172.24.61.81,80.0,1799629.2114257812,15000.0,12000.0,850000.0,750000.0,DDoS
172.24.61.81,80.0,1803308.0101013184,15000.0,12000.0,850000.0,750000.0,DDoS
172.24.61.81,80.0,1750233.4117889404,15000.0,12000.0,850000.0,750000.0,DDoS
172.24.61.81,80.0,1763795.1374053955,15000.0,12000.0,850000.0,750000.0,DDoS
172.24.61.81,80.0,1779988.0504608154,15000.0,12000.0,850000.0,750000.0,DDoS
172.24.61.81,80.0,1754346.1322784424,15000.0,12000.0,850000.0,750000.0,DDoS
172.24.61.81,80.0,1874467.134475708,15000.0,12000.0,850000.0,750000.0,DDoS
172.24.61.81,80.0,1880379.4384002686,15000.0,12000.0,850000.0,750000.0,DDoS
172.24.61.81,80.0,1665922.1649169922,15000.0,12000.0,850000.0,750000.0,DDoS
172.24.61.81,80.0,1658110.6185913086,15000.0,12000.0,850000.0,750000.0,DDoS
172.24.61.81,80.0,1485149.3835449219,15000.0,12000.0,850000.0,750000.0,DDoS
172.24.61.81,80.0,1121804.95262146,15000.0,12000.0,850000.0,750000.0,DDoS
172.24.61.81,80.0,1189223.7663269043,15000.0,12000.0,850000.0,750000.0,DDoS
172.24.61.81,80.0,1219823.1220245361,15000.0,12000.0,850000.0,750000.0,DDoS
172.24.61.81,80.0,1227679.0142059326,15000.0,12000.0,850000.0,750000.0,DDoS
172.24.61.81,80.0,1236278.0570983887,15000.0,12000.0,850000.0,750000.0,DDoS
172.24.61.81,80.0,1240948.9154815674,15000.0,12000.0,850000.0,750000.0,DDoS
172.24.61.81,80.0,1246269.941329956,15000.0,12000.0,850000.0,750000.0,DDoS
172.24.61.81,80.0,1257204.532623291,15000.0,12000.0,850000.0,750000.0,DDoS
172.24.61.81,80.0,1282028.1982421875,15000.0,12000.0,850000.0,750000.0,DDoS
172.24.61.81,80.0,1285584.4497680664,15000.0,12000.0,850000.0,750000.0,DDoS
172.24.61.81,80.0,1287988.4243011475,15000.0,12000.0,850000.0,750000.0,DDoS
172.24.61.81,80.0,1289108.0379486084,15000.0,12000.0,850000.0,750000.0,DDoS
172.24.61.81,80.0,1296322.8225708008,15000.0,12000.0,850000.0,750000.0,DDoS
172.24.61.81,80.0,1297048.0918884277,15000.0,12000.0,850000.0,750000.0,DDoS
172.24.61.81,80.0,1301226.1390686035,15000.0,12000.0,850000.0,750000.0,DDoS
172.24.61.81,80.0,1304521.7990875244,15000.0,12000.0,850000.0,750000.0,DDoS
172.24.61.81,80.0,1305337.66746521,15000.0,12000.0,850000.0,750000.0,DDoS
172.24.61.81,80.0,1309431.552886963,15000.0,12000.0,850000.0,750000.0,DDoS
172.24.61.81,80.0,1262300.4913330078,15000.0,12000.0,850000.0,750000.0,DDoS
172.24.61.81,80.0,1321812.391281128,15000.0,12000.0,850000.0,750000.0,DDoS
172.24.61.81,80.0,1243289.2322540283,15000.0,12000.0,850000.0,750000.0,DDoS
172.24.61.81,80.0,1246693.6111450195,15000.0,12000.0,850000.0,750000.0,DDoS
172.24.61.81,80.0,1241016.3879394531,15000.0,12000.0,850000.0,750000.0,DDoS
172.24.61.81,80.0,1242921.5908050537,15000.0,12000.0,850000.0,750000.0,DDoS
172.24.61.81,80.0,1241759.0618133545,15000.0,12000.0,850000.0,750000.0,DDoS
172.24.61.81,80.0,1249258.041381836,15000.0,12000.0,850000.0,750000.0,DDoS
172.24.61.81,80.0,1253142.3568725586,15000.0,12000.0,850000.0,750000.0,DDoS
172.24.61.81,80.0,1255549.9076843262,15000.0,12000.0,850000.0,750000.0,DDoS
172.24.61.81,80.0,1257144.9279785156,15000.0,12000.0,850000.0,750000.0,DDoS
172.24.61.81,80.0,1256843.5668945312,15000.0,12000.0,850000.0,750000.0,DDoS
172.24.61.81,80.0,1264394.5217132568,15000.0,12000.0,850000.0,750000.0,DDoS
172.24.61.81,80.0,1264251.947402954,15000.0,12000.0,850000.0,750000.0,DDoS
172.24.61.81,80.0,1268472.9099273682,15000.0,12000.0,850000.0,750000.0,DDoS
172.24.61.81,80.0,1270531.415939331,15000.0,12000.0,850000.0,750000.0,DDoS
172.24.61.81,80.0,1273110.3897094727,15000.0,12000.0,850000.0,750000.0,DDoS
172.24.61.81,80.0,1278279.5429229736,15000.0,12000.0,850000.0,750000.0,DDoS
172.24.61.81,80.0,1272374.8683929443,15000.0,12000.0,850000.0,750000.0,DDoS
172.24.61.81,80.0,1335356.2355041504,15000.0,12000.0,850000.0,750000.0,DDoS
172.24.61.81,80.0,1340740.2038574219,15000.0,12000.0,850000.0,750000.0,DDoS
172.24.61.81,80.0,1443095.2072143555,15000.0,12000.0,850000.0,750000.0,DDoS
172.24.61.81,80.0,1509708.4045410156,15000.0,12000.0,850000.0,750000.0,DDoS
172.24.61.81,80.0,1515460.9680175781,15000.0,12000.0,850000.0,750000.0,DDoS
172.24.61.81,80.0,1523356.1992645264,15000.0,12000.0,850000.0,750000.0,DDoS
172.24.61.81,80.0,1534585.2375030518,15000.0,12000.0,850000.0,750000.0,DDoS
172.24.61.81,80.0,1537862.0624542236,15000.0,12000.0,850000.0,750000.0,DDoS
172.24.61.81,80.0,1542708.8737487793,15000.0,12000.0,850000.0,750000.0,DDoS
172.24.61.81,80.0,1546090.3644561768,15000.0,12000.0,850000.0,750000.0,DDoS
172.24.61.81,80.0,1548853.1589508057,15000.0,12000.0,850000.0,750000.0,DDoS
172.24.61.81,80.0,1552739.143371582,15000.0,12000.0,850000.0,750000.0,DDoS
172.24.61.81,80.0,1556530.237197876,15000.0,12000.0,850000.0,750000.0,DDoS
172.24.61.81,80.0,1562011.957168579,15000.0,12000.0,850000.0,750000.0,DDoS
172.24.61.81,80.0,1567888.2598876953,15000.0,12000.0,850000.0,750000.0,DDoS
172.24.61.81,80.0,1571395.1587677002,15000.0,12000.0,850000.0,750000.0,DDoS
172.24.61.81,80.0,1584075.689315796,15000.0,12000.0,850000.0,750000.0,DDoS
172.24.61.81,80.0,1587895.6317901611,15000.0,12000.0,850000.0,750000.0,DDoS
172.24.61.81,80.0,1589989.185333252,15000.0,12000.0,850000.0,750000.0,DDoS
172.24.61.81,80.0,1593799.5910644531,15000.0,12000.0,850000.0,750000.0,DDoS
172.24.61.81,80.0,1592470.8843231201,15000.0,12000.0,850000.0,750000.0,DDoS
172.24.61.81,80.0,1597725.1529693604,15000.0,12000.0,850000.0,750000.0,DDoS
172.24.61.81,80.0,1598531.96144104,15000.0,12000.0,850000.0,750000.0,DDoS
172.24.61.81,80.0,1626282.6919555664,15000.0,12000.0,850000.0,750000.0,DDoS
172.24.61.81,80.0,1629266.9773101807,15000.0,12000.0,850000.0,750000.0,DDoS
172.24.61.81,80.0,1631401.0620117188,15000.0,12000.0,850000.0,750000.0,DDoS
172.24.61.81,80.0,1633472.4426269531,15000.0,12000.0,850000.0,750000.0,DDoS
172.24.61.81,80.0,1377738.4757995605,15000.0,12000.0,850000.0,750000.0,DDoS
172.24.61.81,80.0,1633297.6818084717,15000.0,12000.0,850000.0,750000.0,DDoS
172.24.61.81,80.0,1383132.4577331543,15000.0,12000.0,850000.0,750000.0,DDoS
172.24.61.81,80.0,1386479.6161651611,15000.0,12000.0,850000.0,750000.0,DDoS
172.24.61.81,80.0,1395734.5485687256,15000.0,12000.0,850000.0,750000.0,DDoS
172.24.61.81,80.0,1398600.8167266846,15000.0,12000.0,850000.0,750000.0,DDoS
172.24.61.81,80.0,1403012.5141143799,15000.0,12000.0,850000.0,750000.0,DDoS
172.24.61.81,80.0,1404667.3774719238,15000.0,12000.0,850000.0,750000.0,DDoS
172.24.61.81,80.0,1403004.6463012695,15000.0,12000.0,850000.0,750000.0,DDoS
172.24.61.81,80.0,1405805.3493499756,15000.0,12000.0,850000.0,750000.0,DDoS
172.24.61.81,80.0,1408233.880996704,15000.0,12000.0,850000.0,750000.0,DDoS
172.24.61.81,80.0,1415920.9728240967,15000.0,12000.0,850000.0,750000.0,DDoS
172.24.61.81,80.0,1422670.602798462,15000.0,12000.0,850000.0,750000.0,DDoS
172.24.61.81,80.0,1463814.0201568604,15000.0,12000.0,850000.0,750000.0,DDoS
172.24.61.81,80.0,1467408.1802368164,15000.0,12000.0,850000.0,750000.0,DDoS
172.24.61.81,80.0,1546350.9559631348,15000.0,12000.0,850000.0,750000.0,DDoS
172.24.61.81,80.0,1593895.9121704102,15000.0,12000.0,850000.0,750000.0,DDoS
172.24.61.81,80.0,1597709.8941802979,15000.0,12000.0,850000.0,750000.0,DDoS
172.24.61.81,80.0,1600786.2091064453,15000.0,12000.0,850000.0,750000.0,DDoS
172.24.61.81,80.0,1602214.0979766846,15000.0,12000.0,850000.0,750000.0,DDoS
172.24.61.81,80.0,1608762.9795074463,15000.0,12000.0,850000.0,750000.0,DDoS
172.24.61.81,80.0,1612023.3535766602,15000.0,12000.0,850000.0,750000.0,DDoS
172.24.61.81,80.0,1614242.0768737793,15000.0,12000.0,850000.0,750000.0,DDoS
172.24.61.81,80.0,1619512.3195648193,15000.0,12000.0,850000.0,750000.0,DDoS
172.24.61.81,80.0,1622791.5287017822,15000.0,12000.0,850000.0,750000.0,DDoS
172.24.61.81,80.0,1628612.2798919678,15000.0,12000.0,850000.0,750000.0,DDoS
172.24.61.81,80.0,1611886.5013122559,15000.0,12000.0,850000.0,750000.0,DDoS
172.24.61.81,80.0,1614085.9127044678,15000.0,12000.0,850000.0,750000.0,DDoS
172.24.61.81,80.0,1631050.5867004395,15000.0,12000.0,850000.0,750000.0,DDoS
172.24.61.81,80.0,1634057.7602386475,15000.0,12000.0,850000.0,750000.0,DDoS
172.24.61.81,80.0,1639045.238494873,15000.0,12000.0,850000.0,750000.0,DDoS
172.24.61.81,80.0,1645282.506942749,15000.0,12000.0,850000.0,750000.0,DDoS
172.24.61.81,80.0,1644219.3984985352,15000.0,12000.0,850000.0,750000.0,DDoS
172.24.61.81,80.0,1647411.1080169678,15000.0,12000.0,850000.0,750000.0,DDoS
172.24.61.81,80.0,1649017.572402954,15000.0,12000.0,850000.0,750000.0,DDoS
172.24.61.81,80.0,1652590.9900665283,15000.0,12000.0,850000.0,750000.0,DDoS
172.24.61.81,80.0,1648157.1197509766,15000.0,12000.0,850000.0,750000.0,DDoS
172.24.61.81,80.0,1664620.8763122559,15000.0,12000.0,850000.0,750000.0,DDoS
172.24.61.81,80.0,1652243.1373596191,15000.0,12000.0,850000.0,750000.0,DDoS
172.24.61.81,80.0,1655456.781387329,15000.0,12000.0,850000.0,750000.0,DDoS
172.24.61.81,80.0,1657934.4272613525,15000.0,12000.0,850000.0,750000.0,DDoS
172.24.61.81,80.0,1660110.9504699707,15000.0,12000.0,850000.0,750000.0,DDoS
172.24.61.81,80.0,1673681.4975738525,15000.0,12000.0,850000.0,750000.0,DDoS
172.24.61.81,80.0,1684652.328491211,15000.0,12000.0,850000.0,750000.0,DDoS
172.24.61.81,80.0,1702607.3932647705,15000.0,12000.0,850000.0,750000.0,DDoS
172.24.61.81,80.0,1702482.9387664795,15000.0,12000.0,850000.0,750000.0,DDoS
172.24.61.81,80.0,1706103.0864715576,15000.0,12000.0,850000.0,750000.0,DDoS
172.24.61.81,80.0,1705501.3179779053,15000.0,12000.0,850000.0,750000.0,DDoS
172.24.61.81,80.0,1707125.9021759033,15000.0,12000.0,850000.0,750000.0,DDoS
172.24.61.81,80.0,1712735.891342163,15000.0,12000.0,850000.0,750000.0,DDoS
172.24.61.81,80.0,1721697.5688934326,15000.0,12000.0,850000.0,750000.0,DDoS
172.24.61.81,80.0,1714866.3997650146,15000.0,12000.0,850000.0,750000.0,DDoS
172.24.61.81,80.0,1723257.7800750732,15000.0,12000.0,850000.0,750000.0,DDoS
172.24.61.81,80.0,1608201.265335083,15000.0,12000.0,850000.0,750000.0,DDoS
172.24.61.81,80.0,1611254.9304962158,15000.0,12000.0,850000.0,750000.0,DDoS
172.24.61.81,80.0,1730507.6122283936,15000.0,12000.0,850000.0,750000.0,DDoS
172.24.61.81,80.0,1785521.2688446045,15000.0,12000.0,850000.0,750000.0,DDoS
172.24.61.81,80.0,1783777.2369384766,15000.0,12000.0,850000.0,750000.0,DDoS
172.24.61.81,80.0,1786073.923110962,15000.0,12000.0,850000.0,750000.0,DDoS
172.24.61.81,80.0,1730151.4148712158,15000.0,12000.0,850000.0,750000.0,DDoS
172.24.61.81,80.0,1732322.9312896729,15000.0,12000.0,850000.0,750000.0,DDoS
172.24.61.81,80.0,1734328.7467956543,15000.0,12000.0,850000.0,750000.0,DDoS
172.24.61.81,80.0,1736563.2057189941,15000.0,12000.0,850000.0,750000.0,DDoS
172.24.61.81,80.0,1740123.0335235596,15000.0,12000.0,850000.0,750000.0,DDoS
172.24.61.81,80.0,1682149.4102478027,15000.0,12000.0,850000.0,750000.0,DDoS
172.24.61.81,80.0,1684216.4993286133,15000.0,12000.0,850000.0,750000.0,DDoS
172.24.61.81,80.0,1686917.0665740967,15000.0,12000.0,850000.0,750000.0,DDoS
172.24.61.81,80.0,1814662.218093872,15000.0,12000.0,850000.0,750000.0,DDoS
172.24.61.81,80.0,1692497.730255127,15000.0,12000.0,850000.0,750000.0,DDoS
172.24.61.81,80.0,1759144.3061828613,15000.0,12000.0,850000.0,750000.0,DDoS
172.24.61.81,80.0,1760260.3435516357,15000.0,12000.0,850000.0,750000.0,DDoS
172.24.61.81,80.0,1760360.4793548584,15000.0,12000.0,850000.0,750000.0,DDoS
172.24.61.81,80.0,1766707.8971862793,15000.0,12000.0,850000.0,750000.0,DDoS
172.24.61.81,80.0,1772213.9358520508,15000.0,12000.0,850000.0,750000.0,DDoS
172.24.61.81,80.0,1706567.7642822266,15000.0,12000.0,850000.0,750000.0,DDoS
172.24.61.81,80.0,1770447.4925994873,15000.0,12000.0,850000.0,750000.0,DDoS
172.24.61.81,80.0,1722475.0518798828,15000.0,12000.0,850000.0,750000.0,DDoS
172.24.61.81,80.0,1719378.7097930908,15000.0,12000.0,850000.0,750000.0,DDoS
172.24.61.81,80.0,1713075.876235962,15000.0,12000.0,850000.0,750000.0,DDoS
172.24.61.81,80.0,1712709.1884613037,15000.0,12000.0,850000.0,750000.0,DDoS
172.24.61.81,80.0,1710815.668106079,15000.0,12000.0,850000.0,750000.0,DDoS
172.24.61.81,80.0,1660908.2221984863,15000.0,12000.0,850000.0,750000.0,DDoS
172.24.61.81,80.0,1724320.411682129,15000.0,12000.0,850000.0,750000.0,DDoS
172.24.61.81,80.0,1672493.4577941895,15000.0,12000.0,850000.0,750000.0,DDoS
172.24.61.81,80.0,1664074.6593475342,15000.0,12000.0,850000.0,750000.0,DDoS
172.24.61.81,80.0,1654023.4088897705,15000.0,12000.0,850000.0,750000.0,DDoS
172.24.61.81,80.0,1655152.5592803955,15000.0,12000.0,850000.0,750000.0,DDoS
172.24.61.81,80.0,1656179.666519165,15000.0,12000.0,850000.0,750000.0,DDoS
172.24.61.81,80.0,1658831.1195373535,15000.0,12000.0,850000.0,750000.0,DDoS
172.24.61.81,80.0,1673219.4423675537,15000.0,12000.0,850000.0,750000.0,DDoS
172.24.61.81,80.0,1664924.8600006104,15000.0,12000.0,850000.0,750000.0,DDoS
172.24.61.81,80.0,1666192.7700042725,15000.0,12000.0,850000.0,750000.0,DDoS
172.24.61.81,80.0,1682015.6574249268,15000.0,12000.0,850000.0,750000.0,DDoS
172.24.61.81,80.0,1700868.3681488037,15000.0,12000.0,850000.0,750000.0,DDoS
172.24.61.81,80.0,1706959.2475891113,15000.0,12000.0,850000.0,750000.0,DDoS
172.24.61.81,80.0,1775283.8134765625,15000.0,12000.0,850000.0,750000.0,DDoS
172.24.61.81,80.0,1759672.4033355713,15000.0,12000.0,850000.0,750000.0,DDoS
172.24.61.81,80.0,1761900.6633758545,15000.0,12000.0,850000.0,750000.0,DDoS
172.24.61.81,80.0,1763854.2652130127,15000.0,12000.0,850000.0,750000.0,DDoS
172.24.61.81,80.0,1766569.1375732422,15000.0,12000.0,850000.0,750000.0,DDoS
172.24.61.81,80.0,1766519.7849273682,15000.0,12000.0,850000.0,750000.0,DDoS
172.24.61.81,80.0,1812879.3239593506,15000.0,12000.0,850000.0,750000.0,DDoS
172.24.61.81,80.0,1712861.5379333496,15000.0,12000.0,850000.0,750000.0,DDoS
172.24.61.81,80.0,1784348.964691162,15000.0,12000.0,850000.0,750000.0,DDoS
172.24.61.81,80.0,1720133.3045959473,15000.0,12000.0,850000.0,750000.0,DDoS
172.24.61.81,80.0,1722131.4907073975,15000.0,12000.0,850000.0,750000.0,DDoS
172.24.61.81,80.0,1724360.466003418,15000.0,12000.0,850000.0,750000.0,DDoS
172.24.61.81,80.0,1832244.634628296,15000.0,12000.0,850000.0,750000.0,DDoS
172.24.61.81,80.0,1789969.9211120605,15000.0,12000.0,850000.0,750000.0,DDoS
172.24.61.81,80.0,1769938.9457702637,15000.0,12000.0,850000.0,750000.0,DDoS
172.24.61.81,80.0,1745890.6173706055,15000.0,12000.0,850000.0,750000.0,DDoS
172.24.61.81,80.0,1751713.9911651611,15000.0,12000.0,850000.0,750000.0,DDoS
172.24.61.81,80.0,1819258.9282989502,15000.0,12000.0,850000.0,750000.0,DDoS
172.24.61.81,80.0,1821931.8389892578,15000.0,12000.0,850000.0,750000.0,DDoS
172.24.61.81,80.0,1757381.9160461426,15000.0,12000.0,850000.0,750000.0,DDoS
172.24.61.81,80.0,1762396.3356018066,15000.0,12000.0,850000.0,750000.0,DDoS
172.24.61.81,80.0,1772106.647491455,15000.0,12000.0,850000.0,750000.0,DDoS
172.24.61.81,80.0,1734724.0447998047,15000.0,12000.0,850000.0,750000.0,DDoS
172.24.61.81,80.0,1732759.714126587,15000.0,12000.0,850000.0,750000.0,DDoS
172.24.61.81,80.0,1782242.2981262207,15000.0,12000.0,850000.0,750000.0,DDoS
172.24.61.81,80.0,1741048.3360290527,15000.0,12000.0,850000.0,750000.0,DDoS
172.24.61.81,80.0,1563527.1072387695,15000.0,12000.0,850000.0,750000.0,DDoS
172.24.61.81,80.0,1576720.952987671,15000.0,12000.0,850000.0,750000.0,DDoS
172.24.61.81,80.0,1553330.659866333,15000.0,12000.0,850000.0,750000.0,DDoS
172.24.61.81,80.0,1555514.5740509033,15000.0,12000.0,850000.0,750000.0,DDoS
172.24.61.81,80.0,1558508.3961486816,15000.0,12000.0,850000.0,750000.0,DDoS
172.24.61.81,80.0,1560149.4312286377,15000.0,12000.0,850000.0,750000.0,DDoS
172.24.61.81,80.0,1535570.1446533203,15000.0,12000.0,850000.0,750000.0,DDoS
172.24.61.81,80.0,1538725.3761291504,15000.0,12000.0,850000.0,750000.0,DDoS
172.24.61.81,80.0,1578344.1066741943,15000.0,12000.0,850000.0,750000.0,DDoS
172.24.61.81,80.0,1548267.3645019531,15000.0,12000.0,850000.0,750000.0,DDoS
172.24.61.81,80.0,1549912.2142791748,15000.0,12000.0,850000.0,750000.0,DDoS
172.24.61.81,80.0,1560406.9232940674,15000.0,12000.0,850000.0,750000.0,DDoS
172.24.61.81,80.0,1574151.9927978516,15000.0,12000.0,850000.0,750000.0,DDoS
172.24.61.81,80.0,1574790.9545898438,15000.0,12000.0,850000.0,750000.0,DDoS
172.24.61.81,80.0,1595532.4172973633,15000.0,12000.0,850000.0,750000.0,DDoS
172.24.61.81,80.0,1614131.212234497,15000.0,12000.0,850000.0,750000.0,DDoS
172.24.61.81,80.0,1617952.3468017578,15000.0,12000.0,850000.0,750000.0,DDoS
172.24.61.81,80.0,1483512.4015808105,15000.0,12000.0,850000.0,750000.0,DDoS
172.24.61.81,80.0,1485753.2978057861,15000.0,12000.0,850000.0,750000.0,DDoS
172.24.61.81,80.0,1489273.0712890625,15000.0,12000.0,850000.0,750000.0,DDoS
172.24.61.81,80.0,1389384.9849700928,15000.0,12000.0,850000.0,750000.0,DDoS
172.24.61.81,80.0,1392999.6490478516,15000.0,12000.0,850000.0,750000.0,DDoS
172.24.61.81,80.0,1392032.3848724365,15000.0,12000.0,850000.0,750000.0,DDoS
172.24.61.81,80.0,1397011.9953155518,15000.0,12000.0,850000.0,750000.0,DDoS
172.24.61.81,80.0,1395760.5361938477,15000.0,12000.0,850000.0,750000.0,DDoS
172.24.61.81,80.0,1397739.1719818115,15000.0,12000.0,850000.0,750000.0,DDoS
172.24.61.81,80.0,1680322.8855133057,15000.0,12000.0,850000.0,750000.0,DDoS
172.24.61.81,80.0,1683019.8764801025,15000.0,12000.0,850000.0,750000.0,DDoS
172.24.61.81,80.0,1686065.673828125,15000.0,12000.0,850000.0,750000.0,DDoS
172.24.61.81,80.0,1553558.8264465332,15000.0,12000.0,850000.0,750000.0,DDoS
172.24.61.81,80.0,1448474.407196045,15000.0,12000.0,850000.0,750000.0,DDoS
172.24.61.81,80.0,1454519.510269165,15000.0,12000.0,850000.0,750000.0,DDoS
172.24.61.81,80.0,1456899.4045257568,15000.0,12000.0,850000.0,750000.0,DDoS
172.24.61.81,80.0,1572425.8422851562,15000.0,12000.0,850000.0,750000.0,DDoS
172.24.61.81,80.0,1716362.2379302979,15000.0,12000.0,850000.0,750000.0,DDoS
172.24.61.81,80.0,1337517.499923706,15000.0,12000.0,850000.0,750000.0,DDoS
172.24.61.81,80.0,1340328.6933898926,15000.0,12000.0,850000.0,750000.0,DDoS
172.24.61.81,80.0,1343388.0805969238,15000.0,12000.0,850000.0,750000.0,DDoS
172.24.61.81,80.0,1346154.6897888184,15000.0,12000.0,850000.0,750000.0,DDoS
172.24.61.81,80.0,1343974.3518829346,15000.0,12000.0,850000.0,750000.0,DDoS
172.24.61.81,80.0,1351314.3062591553,15000.0,12000.0,850000.0,750000.0,DDoS
172.24.61.81,80.0,1354275.4650115967,15000.0,12000.0,850000.0,750000.0,DDoS
172.24.61.81,80.0,1356364.9654388428,15000.0,12000.0,850000.0,750000.0,DDoS
172.24.61.81,80.0,1360963.8214111328,15000.0,12000.0,850000.0,750000.0,DDoS
172.24.61.81,80.0,1356573.8201141357,15000.0,12000.0,850000.0,750000.0,DDoS
172.24.61.81,80.0,1359430.7899475098,15000.0,12000.0,850000.0,750000.0,DDoS
172.24.61.81,80.0,1362395.5249786377,15000.0,12000.0,850000.0,750000.0,DDoS
172.24.61.81,80.0,1364621.639251709,15000.0,12000.0,850000.0,750000.0,DDoS
172.24.61.81,80.0,1379665.1363372803,15000.0,12000.0,850000.0,750000.0,DDoS
172.24.61.81,80.0,1377937.0784759521,15000.0,12000.0,850000.0,750000.0,DDoS
172.24.61.81,80.0,1395015.7165527344,15000.0,12000.0,850000.0,750000.0,DDoS
172.24.61.81,80.0,1395383.358001709,15000.0,12000.0,850000.0,750000.0,DDoS
172.24.61.81,80.0,1394732.2368621826,15000.0,12000.0,850000.0,750000.0,DDoS
172.24.61.81,80.0,1399292.7074432373,15000.0,12000.0,850000.0,750000.0,DDoS
172.24.61.81,80.0,1410593.2712554932,15000.0,12000.0,850000.0,750000.0,DDoS
172.24.61.81,80.0,1304670.810699463,15000.0,12000.0,850000.0,750000.0,DDoS
172.24.61.81,80.0,1003970.6230163574,15000.0,12000.0,850000.0,750000.0,DDoS
172.24.61.81,80.0,1045096.1589813232,15000.0,12000.0,850000.0,750000.0,DDoS
172.24.61.81,80.0,1065979.4807434082,15000.0,12000.0,850000.0,750000.0,DDoS
172.24.61.81,80.0,1011717.7963256836,15000.0,12000.0,850000.0,750000.0,DDoS
172.24.61.81,80.0,1018324.3751525879,15000.0,12000.0,850000.0,750000.0,DDoS
172.24.61.81,80.0,1133501.7681121826,15000.0,12000.0,850000.0,750000.0,DDoS
172.24.61.81,80.0,1136800.765991211,15000.0,12000.0,850000.0,750000.0,DDoS
172.24.61.81,80.0,1251166.820526123,15000.0,12000.0,850000.0,750000.0,DDoS
172.24.61.81,80.0,1327805.2806854248,15000.0,12000.0,850000.0,750000.0,DDoS
172.24.61.81,80.0,1145138.0252838135,15000.0,12000.0,850000.0,750000.0,DDoS
172.24.61.81,80.0,1334994.7929382324,15000.0,12000.0,850000.0,750000.0,DDoS
172.24.61.81,80.0,1262994.5278167725,15000.0,12000.0,850000.0,750000.0,DDoS
172.24.61.81,80.0,1266367.1970367432,15000.0,12000.0,850000.0,750000.0,DDoS
172.24.61.81,80.0,1042305.9463500977,15000.0,12000.0,850000.0,750000.0,DDoS
172.24.61.81,80.0,1277000.6656646729,15000.0,12000.0,850000.0,750000.0,DDoS
172.24.61.81,80.0,1354029.4170379639,15000.0,12000.0,850000.0,750000.0,DDoS
172.24.61.81,80.0,1358536.720275879,15000.0,12000.0,850000.0,750000.0,DDoS
172.24.61.81,80.0,1051568.7465667725,15000.0,12000.0,850000.0,750000.0,DDoS
172.24.61.81,80.0,1290033.8172912598,15000.0,12000.0,850000.0,750000.0,DDoS
172.24.61.81,80.0,1079466.3429260254,15000.0,12000.0,850000.0,750000.0,DDoS
172.24.61.81,80.0,1054258.108139038,15000.0,12000.0,850000.0,750000.0,DDoS
172.24.61.81,80.0,1056884.2887878418,15000.0,12000.0,850000.0,750000.0,DDoS
172.24.61.81,80.0,1071328.4015655518,15000.0,12000.0,850000.0,750000.0,DDoS
172.24.61.81,80.0,1074882.984161377,15000.0,12000.0,850000.0,750000.0,DDoS
172.24.61.81,80.0,998048.0670928955,15000.0,12000.0,850000.0,750000.0,DDoS
172.24.61.81,80.0,1079955.3394317627,15000.0,12000.0,850000.0,750000.0,DDoS
172.24.61.81,80.0,1011534.9292755127,15000.0,12000.0,850000.0,750000.0,DDoS
172.24.61.81,80.0,1009052.2766113281,15000.0,12000.0,850000.0,750000.0,DDoS
172.24.61.81,80.0,1015113.8305664062,15000.0,12000.0,850000.0,750000.0,DDoS
172.24.61.81,80.0,1101956.1290740967,15000.0,12000.0,850000.0,750000.0,DDoS
172.24.61.81,80.0,1113399.9824523926,15000.0,12000.0,850000.0,750000.0,DDoS
172.24.61.81,80.0,1115246.7727661133,15000.0,12000.0,850000.0,750000.0,DDoS
172.24.61.81,80.0,1037465.8107757568,15000.0,12000.0,850000.0,750000.0,DDoS
172.24.61.81,80.0,1121296.6442108154,15000.0,12000.0,850000.0,750000.0,DDoS
172.24.61.81,80.0,1126387.596130371,15000.0,12000.0,850000.0,750000.0,DDoS
172.24.61.81,80.0,1129868.507385254,15000.0,12000.0,850000.0,750000.0,DDoS
172.24.61.81,80.0,1043056.9648742676,15000.0,12000.0,850000.0,750000.0,DDoS
172.24.61.81,80.0,1045879.8408508301,15000.0,12000.0,850000.0,750000.0,DDoS
172.24.61.81,80.0,1055445.4326629639,15000.0,12000.0,850000.0,750000.0,DDoS
172.24.61.81,80.0,1081466.1979675293,15000.0,12000.0,850000.0,750000.0,DDoS
172.24.61.81,80.0,1091580.3909301758,15000.0,12000.0,850000.0,750000.0,DDoS
172.24.61.81,80.0,1094203.9489746094,15000.0,12000.0,850000.0,750000.0,DDoS
172.24.61.81,80.0,1097275.2571105957,15000.0,12000.0,850000.0,750000.0,DDoS
172.24.61.81,80.0,1098022.9377746582,15000.0,12000.0,850000.0,750000.0,DDoS
172.24.61.81,80.0,1099277.2579193115,15000.0,12000.0,850000.0,750000.0,DDoS
172.24.61.81,80.0,1100862.741470337,15000.0,12000.0,850000.0,750000.0,DDoS
172.24.61.81,80.0,1058190.3457641602,15000.0,12000.0,850000.0,750000.0,DDoS
172.24.61.81,80.0,1045621.8719482422,15000.0,12000.0,850000.0,750000.0,DDoS
172.24.61.81,80.0,1018376.8272399902,15000.0,12000.0,850000.0,750000.0,DDoS
172.24.61.81,80.0,893347.0249176025,15000.0,12000.0,850000.0,750000.0,DDoS
172.24.61.81,80.0,883366.1079406738,15000.0,12000.0,850000.0,750000.0,DDoS
172.24.61.81,80.0,1135118.007659912,15000.0,12000.0,850000.0,750000.0,DDoS
172.24.61.81,80.0,1138332.3669433594,15000.0,12000.0,850000.0,750000.0,DDoS
172.24.61.81,80.0,1079752.9220581055,15000.0,12000.0,850000.0,750000.0,DDoS
172.24.61.81,80.0,959136.4860534668,15000.0,12000.0,850000.0,750000.0,DDoS
172.24.61.81,80.0,929289.1025543213,15000.0,12000.0,850000.0,750000.0,DDoS
172.24.61.81,80.0,906714.677810669,15000.0,12000.0,850000.0,750000.0,DDoS
172.24.61.81,80.0,907114.7441864014,15000.0,12000.0,850000.0,750000.0,DDoS
172.24.61.81,80.0,1159300.5657196045,15000.0,12000.0,850000.0,750000.0,DDoS
172.24.61.81,80.0,923825.9792327881,15000.0,12000.0,850000.0,750000.0,DDoS
172.24.61.81,80.0,928200.7217407227,15000.0,12000.0,850000.0,750000.0,DDoS
172.24.61.81,80.0,932834.3868255615,15000.0,12000.0,850000.0,750000.0,DDoS
172.24.61.81,80.0,935764.3127441406,15000.0,12000.0,850000.0,750000.0,DDoS
172.24.61.81,80.0,939359.6649169922,15000.0,12000.0,850000.0,750000.0,DDoS
172.24.61.81,80.0,861247.0626831055,15000.0,12000.0,850000.0,750000.0,DDoS
172.24.61.81,80.0,840221.1666107178,15000.0,12000.0,850000.0,750000.0,DDoS
172.24.61.81,80.0,755602.1213531494,15000.0,12000.0,850000.0,750000.0,DDoS
172.24.61.81,80.0,958905.2200317383,15000.0,12000.0,850000.0,750000.0,DDoS
172.24.61.81,80.0,966595.4113006592,15000.0,12000.0,850000.0,750000.0,DDoS
172.24.61.81,80.0,656956.9110870361,15000.0,12000.0,850000.0,750000.0,DDoS
172.24.61.81,80.0,640953.0639648438,15000.0,12000.0,850000.0,750000.0,DDoS
172.24.61.81,80.0,532663.5837554932,15000.0,12000.0,850000.0,750000.0,DDoS
172.24.61.81,80.0,446435.68992614746,15000.0,12000.0,850000.0,750000.0,DDoS
172.24.61.81,80.0,435101.0322570801,15000.0,12000.0,850000.0,750000.0,DDoS
172.24.61.81,80.0,353464.84184265137,15000.0,12000.0,850000.0,750000.0,DDoS
172.24.61.81,80.0,252313.85231018066,15000.0,12000.0,850000.0,750000.0,DDoS
172.24.61.81,80.0,232831.00128173828,15000.0,12000.0,850000.0,750000.0,DDoS
172.24.61.81,8000.0,151068.68743896484,2.0,2.0,120.0,240.0,DDoS
172.24.61.81,8000.0,86348.29521179199,2.0,2.0,120.0,240.0,DDoS
172.24.61.81,8000.0,74692.2492980957,2.0,2.0,120.0,240.0,DDoS
172.24.61.81,8000.0,69608.92677307129,2.0,2.0,120.0,240.0,DDoS
172.24.61.81,8000.0,66147.0890045166,2.0,2.0,120.0,240.0,DDoS
172.24.61.81,8000.0,62997.34115600586,2.0,2.0,120.0,240.0,DDoS
172.24.61.81,8000.0,61895.37048339844,2.0,2.0,120.0,240.0,DDoS
172.24.61.81,8000.0,64243.79348754883,2.0,2.0,120.0,240.0,DDoS
172.24.61.81,8000.0,60787.43934631348,2.0,2.0,120.0,240.0,DDoS
172.24.61.81,8000.0,60352.56385803223,2.0,2.0,120.0,240.0,DDoS
172.24.61.81,8000.0,60936.689376831055,2.0,2.0,120.0,240.0,DDoS
172.24.61.81,8000.0,62077.76069641113,2.0,2.0,120.0,240.0,DDoS
172.24.61.81,8000.0,63851.118087768555,2.0,2.0,120.0,240.0,DDoS
172.24.61.81,8000.0,64098.11973571777,2.0,2.0,120.0,240.0,DDoS
172.24.61.81,8000.0,64482.688903808594,2.0,2.0,120.0,240.0,DDoS
172.24.61.81,8000.0,62821.62666320801,2.0,2.0,120.0,240.0,DDoS
172.24.61.81,8000.0,63047.40905761719,2.0,2.0,120.0,240.0,DDoS
172.24.61.81,8000.0,63067.43621826172,2.0,2.0,120.0,240.0,DDoS
172.24.61.81,8000.0,63377.38037109375,2.0,2.0,120.0,240.0,DDoS
172.24.61.81,8000.0,62442.06428527832,2.0,2.0,120.0,240.0,DDoS
172.24.61.81,8000.0,53453.922271728516,2.0,2.0,120.0,240.0,DDoS
172.24.61.81,8000.0,54406.166076660156,2.0,2.0,120.0,240.0,DDoS
172.24.61.81,8000.0,53873.538970947266,2.0,2.0,120.0,240.0,DDoS
172.24.61.81,8000.0,106105.08918762207,2.0,2.0,120.0,240.0,DDoS
172.24.61.81,8000.0,102612.97225952148,2.0,2.0,120.0,240.0,DDoS
172.24.61.81,8000.0,102267.50373840332,2.0,2.0,120.0,240.0,DDoS
172.24.61.81,8000.0,102078.67622375488,2.0,2.0,120.0,240.0,DDoS
172.24.61.81,8000.0,100627.89916992188,2.0,2.0,120.0,240.0,DDoS
172.24.61.81,8000.0,102182.86514282227,2.0,2.0,120.0,240.0,DDoS
172.24.61.81,8000.0,98849.77340698242,2.0,2.0,120.0,240.0,DDoS
172.24.61.81,8000.0,47347.068786621094,2.0,2.0,120.0,240.0,DDoS
172.24.61.81,8000.0,47696.590423583984,2.0,2.0,120.0,240.0,DDoS
172.24.61.81,8000.0,46623.46839904785,2.0,2.0,120.0,240.0,DDoS
172.24.61.81,8000.0,54745.91255187988,2.0,2.0,120.0,240.0,DDoS
172.24.61.81,8000.0,58530.09223937988,2.0,2.0,120.0,240.0,DDoS
172.24.61.81,8000.0,80283.40339660645,2.0,2.0,120.0,240.0,DDoS
172.24.61.81,8000.0,101763.96369934082,2.0,2.0,120.0,240.0,DDoS
172.24.61.81,8000.0,101819.03839111328,2.0,2.0,120.0,240.0,DDoS
172.24.61.81,8000.0,101795.43495178223,2.0,2.0,120.0,240.0,DDoS
172.24.61.81,8000.0,108038.66386413574,2.0,2.0,120.0,240.0,DDoS
172.24.61.81,8000.0,103308.67767333984,2.0,2.0,120.0,240.0,DDoS
172.24.61.81,8000.0,100494.1463470459,2.0,2.0,120.0,240.0,DDoS
172.24.61.81,8000.0,81417.56057739258,2.0,2.0,120.0,240.0,DDoS
172.24.61.81,8000.0,62983.036041259766,2.0,2.0,120.0,240.0,DDoS
172.24.61.81,8000.0,59498.78692626953,2.0,2.0,120.0,240.0,DDoS
172.24.61.81,8000.0,67689.89562988281,2.0,2.0,120.0,240.0,DDoS
172.24.61.81,8000.0,63572.40676879883,2.0,2.0,120.0,240.0,DDoS
172.24.61.81,8000.0,60334.92088317871,2.0,2.0,120.0,240.0,DDoS
172.24.61.81,8000.0,62703.37104797363,2.0,2.0,120.0,240.0,DDoS
172.24.61.81,8000.0,62206.02989196777,2.0,2.0,120.0,240.0,DDoS
172.24.61.81,8000.0,59103.48892211914,2.0,2.0,120.0,240.0,DDoS
172.24.61.81,8000.0,59051.513671875,2.0,2.0,120.0,240.0,DDoS
172.24.61.81,8000.0,60050.48751831055,2.0,2.0,120.0,240.0,DDoS
172.24.61.81,8000.0,55051.326751708984,2.0,2.0,120.0,240.0,DDoS
172.24.61.81,8000.0,53822.994232177734,2.0,2.0,120.0,240.0,DDoS
172.24.61.81,8000.0,55822.84927368164,2.0,2.0,120.0,240.0,DDoS
172.24.61.81,8000.0,65289.25895690918,2.0,2.0,120.0,240.0,DDoS
172.24.61.81,8000.0,66460.13259887695,2.0,2.0,120.0,240.0,DDoS
172.24.61.81,8000.0,71061.84959411621,2.0,2.0,120.0,240.0,DDoS
172.24.61.81,8000.0,70976.97257995605,2.0,2.0,120.0,240.0,DDoS
172.24.61.81,8000.0,70126.53350830078,2.0,2.0,120.0,240.0,DDoS
172.24.61.81,8000.0,72594.64263916016,2.0,2.0,120.0,240.0,DDoS
172.24.61.81,8000.0,71813.58337402344,2.0,2.0,120.0,240.0,DDoS
172.24.61.81,8000.0,64352.03552246094,2.0,2.0,120.0,240.0,DDoS
172.24.61.81,8000.0,64531.803131103516,2.0,2.0,120.0,240.0,DDoS
172.24.61.81,8000.0,64389.46723937988,2.0,2.0,120.0,240.0,DDoS
172.24.61.81,8000.0,68224.90692138672,2.0,2.0,120.0,240.0,DDoS
172.24.61.81,8000.0,73103.9047241211,2.0,2.0,120.0,240.0,DDoS
172.24.61.81,8000.0,76045.03631591797,2.0,2.0,120.0,240.0,DDoS
172.24.61.81,8000.0,83619.1177368164,2.0,2.0,120.0,240.0,DDoS
172.24.61.81,8000.0,82135.43891906738,2.0,2.0,120.0,240.0,DDoS
172.24.61.81,8000.0,80607.65266418457,2.0,2.0,120.0,240.0,DDoS
172.24.61.81,8000.0,95511.67488098145,2.0,2.0,120.0,240.0,DDoS
172.24.61.81,8000.0,97795.72486877441,2.0,2.0,120.0,240.0,DDoS
172.24.61.81,8000.0,86952.68630981445,2.0,2.0,120.0,240.0,DDoS
172.24.61.81,8000.0,87530.85136413574,2.0,2.0,120.0,240.0,DDoS
172.24.61.81,8000.0,79568.14765930176,2.0,2.0,120.0,240.0,DDoS
172.24.61.81,8000.0,81215.14320373535,2.0,2.0,120.0,240.0,DDoS
172.24.61.81,8000.0,79306.12564086914,2.0,2.0,120.0,240.0,DDoS
172.24.61.81,8000.0,65913.43879699707,2.0,2.0,120.0,240.0,DDoS
172.24.61.81,8000.0,65928.45916748047,2.0,2.0,120.0,240.0,DDoS
172.24.61.81,8000.0,81206.5601348877,2.0,2.0,120.0,240.0,DDoS
172.24.61.81,8000.0,77738.76190185547,2.0,2.0,120.0,240.0,DDoS
172.24.61.81,8000.0,92368.36433410645,2.0,2.0,120.0,240.0,DDoS
172.24.61.81,8000.0,102580.54733276367,2.0,2.0,120.0,240.0,DDoS
172.24.61.81,8000.0,103245.25833129883,2.0,2.0,120.0,240.0,DDoS
172.24.61.81,8000.0,112567.42477416992,2.0,2.0,120.0,240.0,DDoS
172.24.61.81,8000.0,111011.74354553223,2.0,2.0,120.0,240.0,DDoS
172.24.61.81,8000.0,101836.9197845459,2.0,2.0,120.0,240.0,DDoS
172.24.61.81,8000.0,111463.78517150879,2.0,2.0,120.0,240.0,DDoS
172.24.61.81,8000.0,108106.85157775879,2.0,2.0,120.0,240.0,DDoS
172.24.61.81,8000.0,86049.79515075684,2.0,2.0,120.0,240.0,DDoS
172.24.61.81,8000.0,84290.74287414551,2.0,2.0,120.0,240.0,DDoS
172.24.61.81,8000.0,75837.85057067871,2.0,2.0,120.0,240.0,DDoS
172.24.61.81,8000.0,92673.77853393555,2.0,2.0,120.0,240.0,DDoS
172.24.61.81,8000.0,104508.1615447998,2.0,2.0,120.0,240.0,DDoS
172.24.61.81,8000.0,103762.14981079102,2.0,2.0,120.0,240.0,DDoS
172.24.61.81,8000.0,103120.80383300781,2.0,2.0,120.0,240.0,DDoS
172.24.61.81,8000.0,102962.25547790527,2.0,2.0,120.0,240.0,DDoS
172.24.61.81,8000.0,102478.5041809082,2.0,2.0,120.0,240.0,DDoS
172.24.61.81,8000.0,103374.00436401367,2.0,2.0,120.0,240.0,DDoS
172.24.61.81,8000.0,103724.47967529297,2.0,2.0,120.0,240.0,DDoS
172.24.61.81,8000.0,82380.29479980469,2.0,2.0,120.0,240.0,DDoS
172.24.61.81,8000.0,68375.5874633789,2.0,2.0,120.0,240.0,DDoS
172.24.61.81,8000.0,66580.53398132324,2.0,2.0,120.0,240.0,DDoS
172.24.61.81,8000.0,54623.36540222168,2.0,2.0,120.0,240.0,DDoS
172.24.61.81,8000.0,54912.80555725098,2.0,2.0,120.0,240.0,DDoS
172.24.61.81,8000.0,55965.423583984375,2.0,2.0,120.0,240.0,DDoS
172.24.61.81,8000.0,53354.501724243164,2.0,2.0,120.0,240.0,DDoS
172.24.61.81,8000.0,51665.306091308594,2.0,2.0,120.0,240.0,DDoS
172.24.61.81,8000.0,52287.57858276367,2.0,2.0,120.0,240.0,DDoS
172.24.61.81,8000.0,62214.37454223633,2.0,2.0,120.0,240.0,DDoS
172.24.61.81,8000.0,63179.731369018555,2.0,2.0,120.0,240.0,DDoS
172.24.61.81,8000.0,65222.740173339844,2.0,2.0,120.0,240.0,DDoS
172.24.61.81,8000.0,66102.0278930664,2.0,2.0,120.0,240.0,DDoS
172.24.61.81,8000.0,67484.37881469727,2.0,2.0,120.0,240.0,DDoS
172.24.61.81,8000.0,66834.4497680664,2.0,2.0,120.0,240.0,DDoS
172.24.61.81,8000.0,66111.32621765137,2.0,2.0,120.0,240.0,DDoS
172.24.61.81,8000.0,67475.55732727051,2.0,2.0,120.0,240.0,DDoS
172.24.61.81,8000.0,58380.6037902832,2.0,2.0,120.0,240.0,DDoS
172.24.61.81,8000.0,57817.697525024414,2.0,2.0,120.0,240.0,DDoS
172.24.61.81,8000.0,55827.14080810547,2.0,2.0,120.0,240.0,DDoS
172.24.61.81,8000.0,56246.280670166016,2.0,2.0,120.0,240.0,DDoS
172.24.61.81,8000.0,55643.08166503906,2.0,2.0,120.0,240.0,DDoS
172.24.61.81,8000.0,56844.234466552734,2.0,2.0,120.0,240.0,DDoS
172.24.61.81,8000.0,55476.66549682617,2.0,2.0,120.0,240.0,DDoS
172.24.61.81,8000.0,53213.35792541504,2.0,2.0,120.0,240.0,DDoS
172.24.61.81,8000.0,55496.2158203125,2.0,2.0,120.0,240.0,DDoS
172.24.61.81,8000.0,55251.359939575195,2.0,2.0,120.0,240.0,DDoS
172.24.61.81,8000.0,57640.790939331055,2.0,2.0,120.0,240.0,DDoS
172.24.61.81,8000.0,54889.20211791992,2.0,2.0,120.0,240.0,DDoS
172.24.61.81,8000.0,60780.04837036133,2.0,2.0,120.0,240.0,DDoS
172.24.61.81,8000.0,59361.69624328613,2.0,2.0,120.0,240.0,DDoS
172.24.61.81,8000.0,67716.59851074219,2.0,2.0,120.0,240.0,DDoS
172.24.61.81,8000.0,73584.79499816895,2.0,2.0,120.0,240.0,DDoS
172.24.61.81,8000.0,80214.02359008789,2.0,2.0,120.0,240.0,DDoS
172.24.61.81,8000.0,78401.08871459961,2.0,2.0,120.0,240.0,DDoS
172.24.61.81,8000.0,82896.23260498047,2.0,2.0,120.0,240.0,DDoS
172.24.61.81,8000.0,79396.72470092773,2.0,2.0,120.0,240.0,DDoS
172.24.61.81,8000.0,81828.11737060547,2.0,2.0,120.0,240.0,DDoS
172.24.61.81,8000.0,81824.77951049805,2.0,2.0,120.0,240.0,DDoS
172.24.61.81,8000.0,70509.9105834961,2.0,2.0,120.0,240.0,DDoS
172.24.61.81,8000.0,64139.12773132324,2.0,2.0,120.0,240.0,DDoS
172.24.61.81,8000.0,64157.24754333496,2.0,2.0,120.0,240.0,DDoS
172.24.61.81,8000.0,60835.59989929199,2.0,2.0,120.0,240.0,DDoS
172.24.61.81,8000.0,61661.481857299805,2.0,2.0,120.0,240.0,DDoS
172.24.61.81,8000.0,61127.1858215332,2.0,2.0,120.0,240.0,DDoS
172.24.61.81,8000.0,61386.823654174805,2.0,2.0,120.0,240.0,DDoS
172.24.61.81,8000.0,56821.584701538086,2.0,2.0,120.0,240.0,DDoS
172.24.61.81,8000.0,60273.40888977051,2.0,2.0,120.0,240.0,DDoS
172.24.61.81,8000.0,60983.896255493164,2.0,2.0,120.0,240.0,DDoS
172.24.61.81,8000.0,61181.78367614746,2.0,2.0,120.0,240.0,DDoS
172.24.61.81,8000.0,59379.10079956055,2.0,2.0,120.0,240.0,DDoS
172.24.61.81,8000.0,59391.021728515625,2.0,2.0,120.0,240.0,DDoS
172.24.61.81,8000.0,58429.95643615723,2.0,2.0,120.0,240.0,DDoS
172.24.61.81,8000.0,66848.9933013916,2.0,2.0,120.0,240.0,DDoS
172.24.61.81,8000.0,65599.44152832031,2.0,2.0,120.0,240.0,DDoS
172.24.61.81,8000.0,66223.8597869873,2.0,2.0,120.0,240.0,DDoS
172.24.61.81,8000.0,64670.80116271973,2.0,2.0,120.0,240.0,DDoS
172.24.61.81,8000.0,64920.902252197266,2.0,2.0,120.0,240.0,DDoS
172.24.61.81,8000.0,62286.8537902832,2.0,2.0,120.0,240.0,DDoS
172.24.61.81,8000.0,62836.647033691406,2.0,2.0,120.0,240.0,DDoS
172.24.61.81,8000.0,60899.25765991211,2.0,2.0,120.0,240.0,DDoS
172.24.61.81,8000.0,52435.39810180664,2.0,2.0,120.0,240.0,DDoS
172.24.61.81,8000.0,51210.880279541016,2.0,2.0,120.0,240.0,DDoS
172.24.61.81,8000.0,49381.256103515625,2.0,2.0,120.0,240.0,DDoS
172.24.61.81,8000.0,51204.44297790527,2.0,2.0,120.0,240.0,DDoS
172.24.61.81,8000.0,50385.95199584961,2.0,2.0,120.0,240.0,DDoS
172.24.61.81,8000.0,46038.62762451172,2.0,2.0,120.0,240.0,DDoS
172.24.61.81,8000.0,44880.86700439453,2.0,2.0,120.0,240.0,DDoS
172.24.61.81,8000.0,42927.26516723633,2.0,2.0,120.0,240.0,DDoS
172.24.61.81,8000.0,38157.46307373047,2.0,2.0,120.0,240.0,DDoS
172.24.61.81,8000.0,39285.898208618164,2.0,2.0,120.0,240.0,DDoS
172.24.61.81,8000.0,34887.55226135254,2.0,2.0,120.0,240.0,DDoS
172.24.61.81,8000.0,32861.948013305664,2.0,2.0,120.0,240.0,DDoS
172.24.61.81,80.0,121769840.24047852,140.0,140.0,566724.0,566724.0,DDoS
172.24.61.81,80.0,1017659.9025726318,176.0,176.0,594437.0,594437.0,DDoS
172.24.61.81,80.0,1002019.6437835693,138.0,138.0,490765.0,490765.0,DDoS
172.24.61.81,80.0,1010760.7841491699,155.0,155.0,263330.0,263330.0,DDoS
172.24.61.81,80.0,1001141.3097381592,162.0,162.0,710213.0,710213.0,DDoS
172.24.61.81,80.0,1008824.1100311279,109.0,109.0,630417.0,630417.0,DDoS
172.24.61.81,80.0,1000254.3926239014,177.0,177.0,339147.0,339147.0,DDoS
172.24.61.81,80.0,1578982.1147918701,27.0,27.0,107784.0,107784.0,DDoS
172.24.61.81,80.0,1014046.9074249268,75.0,75.0,299400.0,299400.0,DDoS
172.24.61.81,80.0,1000942.7070617676,129.0,129.0,451096.0,451096.0,DDoS
172.24.61.81,80.0,1009220.1232910156,163.0,163.0,526944.0,526944.0,DDoS
172.24.61.81,80.0,1000408.411026001,152.0,152.0,682632.0,682632.0,DDoS
172.24.61.81,80.0,1006802.7973175049,107.0,107.0,447104.0,447104.0,DDoS
172.24.61.81,80.0,1039669.7521209717,122.0,122.0,566864.0,566864.0,DDoS
172.24.61.81,80.0,1001203.5369873047,107.0,107.0,343312.0,343312.0,DDoS
172.24.61.81,80.0,1012690.3057098389,124.0,124.0,566864.0,566864.0,DDoS
172.24.61.81,80.0,1006077.2895812988,149.0,149.0,546904.0,546904.0,DDoS
172.24.61.81,80.0,1928604.8412322998,286.0,286.0,542912.0,542912.0,DDoS
172.24.61.81,80.0,1824614.2864227295,96.0,96.0,470938.0,470938.0,DDoS
172.24.61.81,80.0,1040179.4910430908,144.0,144.0,454974.0,454974.0,DDoS
172.24.61.81,80.0,1001213.3121490479,135.0,135.0,538785.0,538785.0,DDoS
172.24.61.81,80.0,1001945.4956054688,152.0,152.0,590668.0,590668.0,DDoS
172.24.61.81,80.0,1031742.0959472656,147.0,147.0,518830.0,518830.0,DDoS
172.24.61.81,80.0,1000864.5057678223,113.0,113.0,415064.0,415064.0,DDoS
172.24.61.81,80.0,1199718.952178955,64.0,64.0,199550.0,199550.0,DDoS
172.24.61.81,80.0,1003953.218460083,131.0,131.0,510848.0,510848.0,DDoS
172.24.61.81,80.0,1043179.7504425049,118.0,118.0,427037.0,427037.0,DDoS
172.24.61.81,80.0,1193428.0395507812,88.0,88.0,1205287.0,1205287.0,DDoS
172.24.61.81,80.0,1010411.262512207,173.0,173.0,534653.0,534653.0,DDoS
172.24.61.81,80.0,1004616.4989471436,150.0,150.0,518656.0,518656.0,DDoS
172.24.61.81,80.0,1025724.4110107422,119.0,119.0,442869.0,442869.0,DDoS
172.24.61.81,80.0,1006083.7268829346,159.0,159.0,578550.0,578550.0,DDoS
172.24.61.81,80.0,1008756.6375732422,134.0,134.0,490786.0,490786.0,DDoS
172.24.61.81,80.0,1001821.9947814941,167.0,167.0,977628.0,977628.0,DDoS
